task,batch,run_id,candidate_id,arm,pair_id,original_stage,source_sha256,is_valid,status,title,summary,evidence,source_refs,error
jigsaw-unintended-bias-in-toxicity-classification,s52_s53,20260910_022413_jubias-base-s53,081533b9cfd64ff08f78b157103dfe0d,A,S53,debug,d00ba4301315e617ca105ada4c17214e7fb273240065316bc5a503593d71cad6,,ok,Bias-Aware Adversarial Toxicity Classifier,"Text is normalized by replacing URLs, emails and mentions with markers, then tokenized and truncated. Standardized length, character, punctuation and style features are computed. Hash-based splitting keeps duplicate raw comments in one partition. A partially frozen pretrained DistilRoBERTa encoder provides a first-token representation; a gated numeric-feature MLP is fused with it before a shared MLP and toxicity, auxiliary-toxicity and identity heads. Identity prediction uses toxicity-conditioned features through gradient reversal. The model also accepts the training toxicity target as conditioning input. Weighted BCE emphasizes subgroup, non-toxic subgroup and toxic non-subgroup examples; auxiliary and identity BCE are applied where labels exist. AdamW uses separate backbone/head rates, mixed precision, accumulation, clipping, and warmup-cosine decay. Length-bucketed padded batches reduce padding. Validation uses sigmoid logits and a bias-aware AUC aggregate for checkpointing and early stopping; the selected model writes clipped test probabilities.","[""SOURCE:134-247"", ""SOURCE:280-318"", ""SOURCE:368-487"", ""SOURCE:490-612"", ""SOURCE:624-702"", ""SOURCE:713-780"", ""SOURCE:809-843"", ""SOURCE:862-938"", ""SOURCE:973-1119"", ""SOURCE:1121-1151""]","[""/Users/william/nautilus/results/20260910_022413_jubias-base-s53/logs/journal.json#nodes[5]""]",
jigsaw-unintended-bias-in-toxicity-classification,s52_s53,20260910_022413_jubias-base-s53,6099841d55d8442b850586a387369c06,A,S53,draft,7b40a68bcf5c565dde8e9d16d790b8e61ddac670d5614003b4d344e9e63dd775,,ok,Bias-Aware DeBERTa Toxicity Classifier,"Comments are normalized by replacing URLs, emails and mentions, removing HTML, and computing numeric text features. An exact-comment hash split keeps duplicates together. Tokenized text (maximum 256 tokens) is dynamically padded and length-bucketed. A DeBERTa-v3-large first-token representation is gated with an MLP encoding numeric features; a shared MLP produces toxicity, six auxiliary toxicity, and identity-adversary logits. Gradient reversal sends shared features and a toxicity condition to the identity adversary. Training minimizes weighted binary cross-entropy for continuous toxicity, emphasizing non-toxic identity and toxic non-identity examples, plus weighted auxiliary and identity losses. AdamW uses separate backbone/head learning rates, mixed precision, accumulation, clipping, and warmup-cosine scheduling. Checkpoints and early stopping use a bias-aware AUC score combining overall and subgroup-related power means. The best checkpoint produces clipped sigmoid toxicity probabilities for CSV output.","[""SOURCE:133-246"", ""SOURCE:279-317"", ""SOURCE:365-487"", ""SOURCE:490-605"", ""SOURCE:612-705"", ""SOURCE:711-782"", ""SOURCE:811-842"", ""SOURCE:861-935"", ""SOURCE:970-1043"", ""SOURCE:1045-1157""]","[""/Users/william/nautilus/results/20260910_022413_jubias-base-s53/logs/journal.json#nodes[1]""]",
jigsaw-unintended-bias-in-toxicity-classification,s52_s53,20260910_022413_jubias-base-s53,683d0c038fb7433daf368db95aac82a5,A,S53,debug,3f5283d4a76e64a7019e90aee0b6159d96cededd53d39e008ebc45885c636beb,True,ok,Bias-aware dual-view ModernBERT toxicity classifier,"Comments are Unicode/HTML-normalized; URLs, emails and IPs are replaced with tokens. Regex identity detection creates identity-tagged and identity-masked views, while 12 standardized style features are computed. Toxicity is binarized at 0.5. Grouped stratified 10-fold splitting uses raw-comment hashes to keep duplicates within one partition; strata combine toxicity and rare identity labels. A frozen pretrained ModernBERT encodes original text and, for identity-containing comments, masked text with 128-token truncation. First-token embeddings are concatenated with a trainable style projection and passed to a dropout MLP producing toxicity and six auxiliary logits. Identity-row logits mix original and masked predictions with masked weight 0.60. Loss combines weighted toxicity BCE, auxiliary BCE, identity-specific weighting, and a clean-identity squared counterfactual consistency penalty. AdamW uses encoder/head parameter groups, cosine warmup, mixed precision, accumulation, clipping and early stopping. Checkpoints use overall and subgroup ROC-AUC; inference sigmoids and clips toxicity probabilities.","[""SOURCE:178-325"", ""SOURCE:421-605"", ""SOURCE:608-720"", ""SOURCE:734-895"", ""SOURCE:908-993"", ""SOURCE:1017-1193"", ""SOURCE:1195-1313""]","[""/Users/william/nautilus/results/20260910_022413_jubias-base-s53/logs/journal.json#nodes[7]""]",
jigsaw-unintended-bias-in-toxicity-classification,s52_s53,20260910_022413_jubias-base-s53,8aba9aafd04045d8a2daa981fee5f23a,A,S53,draft,8eac4d5944d27fea84f1c2d95f06672db5eda700781f8a1b54368fe120b5e6ef,,ok,Dual-view bias-aware ModernBERT toxicity classifier,"The system predicts toxicity from normalized comments using a pretrained ModernBERT encoder and standardized 12-dimensional style features. It forms original, identity-tagged, and identity-masked text views through Unicode/HTML normalization, marker replacement for URLs, emails and IPs, lexical identity regexes, and whitespace cleanup. Original and masked views are tokenized to 256 tokens; the model combines each CLS embedding with projected style features and outputs a toxicity logit plus six auxiliary logits. For lexically identity-related comments, inference interpolates original- and masked-view toxicity logits; otherwise it uses the original view. Training uses grouped 10-fold splits based on comment hashes, stratified by toxicity and rare identity membership. The loss combines weighted toxicity BCE, masked auxiliary BCE, identity-related weighting, and raw/masked prediction consistency for clean identity comments. AdamW uses separate encoder and head learning rates, cosine warmup, mixed precision where available, gradient accumulation, and clipping. Checkpoints are selected using a fairness-aware ROC-AUC; clipped sigmoid toxicity probabilities are written in test ID order.","[""SOURCE:175-233"", ""SOURCE:236-322"", ""SOURCE:418-494"", ""SOURCE:497-588"", ""SOURCE:591-714"", ""SOURCE:753-889"", ""SOURCE:891-908"", ""SOURCE:917-968"", ""SOURCE:970-1103"", ""SOURCE:1113-1253"", ""SOURCE:1255-1286""]","[""/Users/william/nautilus/results/20260910_022413_jubias-base-s53/logs/journal.json#nodes[2]""]",
jigsaw-unintended-bias-in-toxicity-classification,s52_s53,20260910_022413_jubias-base-s53,98b302aede904490860454bf123fc520,A,S53,draft,2c71faa645dd1fcb4c2556996c6bdcd619aecb1307321dfbc4ed874813c39473,,ok,Bias-aware ModernBERT toxicity classification,"A ModernBERT-large classifier predicts a primary toxicity logit and six subtype logits. Text is HTML/Unicode-normalized, stripped of zero-width characters, URLs and emails replaced, whitespace cleaned and truncated; an alternative robust view lowercases, deobfuscates spaced letters and selected leetspeak, and compresses repeated characters. Inputs retain head and tail content before 512-token tokenization. Group-aware article-level validation splitting targets toxicity and identity prevalence. Training combines weighted BCE for fractional toxicity labels and subtype BCE with identity-aware pairwise softplus ranking losses; identity-group losses are softmax-weighted toward difficult groups. Identity-associated non-toxic samples receive higher weights, with modest toxic-sample upweighting. Batches are shuffled, use mixed precision, gradient accumulation and norm clipping. AdamW uses layer-wise learning-rate decay, a higher classifier-head rate, selected no-decay parameters, and cosine warmup/decay scheduling. Checkpoints and early stopping use validation bias score. Best-checkpoint inference applies sigmoid to the primary logit, sanitizes and clips probabilities, and writes ID-prediction output.","[""SOURCE:134-175"", ""SOURCE:287-395"", ""SOURCE:398-531"", ""SOURCE:545-597"", ""SOURCE:700-739"", ""SOURCE:754-774"", ""SOURCE:782-841"", ""SOURCE:854-983"", ""SOURCE:986-1123""]","[""/Users/william/nautilus/results/20260910_022413_jubias-base-s53/logs/journal.json#nodes[3]""]",
jigsaw-unintended-bias-in-toxicity-classification,s52_s53,20260910_022413_jubias-base-s53,b5a111a91ab443bf8a79e72895d4a341,A,S53,debug,6a76490a84a87d473204b8cec3817b269daeb1646a62d3ca217f1f0cf237f65c,,ok,Bias-Aware DeBERTa Toxicity Classifier,"Comments are normalized with URL, email and mention markers, then paired with standardized text statistics. Exact-comment hashes form an approximately 80/20 duplicate-group train/validation split. A DeBERTa-v3-large encoder processes up to 256 tokens. Its first-token embedding is fused through gating with an MLP over numeric text features, then a shared MLP produces a primary toxicity logit, six auxiliary toxicity logits, and an identity adversary conditioned on toxicity probability via gradient reversal. Loss combines weighted BCE for continuous primary toxicity labels, auxiliary BCE, and identity BCE where labels are available; weights emphasize identity non-toxic and non-identity toxic samples. Length-bucketed batches use dynamic padding. AdamW applies separate backbone and head learning rates, mixed precision, accumulation, clipping, and warmup-cosine decay. Checkpoints are selected by a bias-aware ROC-AUC aggregate over overall, subgroup, BPSN, and BNSP metrics. Inference sigmoid-transforms, clips, and writes row-aligned predictions with test IDs.","[""SOURCE:134-247"", ""SOURCE:280-318"", ""SOURCE:366-488"", ""SOURCE:491-608"", ""SOURCE:617-704"", ""SOURCE:716-787"", ""SOURCE:816-847"", ""SOURCE:866-940"", ""SOURCE:950-1150""]","[""/Users/william/nautilus/results/20260910_022413_jubias-base-s53/logs/journal.json#nodes[4]""]",
jigsaw-unintended-bias-in-toxicity-classification,s52_s53,20260910_022413_jubias-base-s53,e147e143e9924e18ae326501cb721f4d,A,S53,debug,154128f76b07177eb4e9a085b08a25ff8855e070a909eebd3e879a91fad7bc95,,ok,Identity-masked bias-aware ModernBERT toxicity classifier,"Comments are Unicode/HTML-normalized; URLs, emails and IPs are replaced with markers. Regex identity flags create an identity-masked text view, and 12 standardized style features are derived. A ModernBERT-base model encodes original text and masked text for lexical-identity examples; CLS embeddings are combined with projected style features to predict toxicity and six auxiliary labels. Identity examples blend original and masked logits with masked weight 0.60. Training uses weighted toxicity BCE, upweighting clean and toxic identity examples, masked auxiliary BCE for finite labels, and a counterfactual squared probability-difference penalty for clean identity comments. Dynamic tokenization truncates views to 256 tokens. The first fold of stratified group cross-validation is used, with duplicate-comment hashes held within partitions and scaling fit on training data. AdamW uses separate encoder/head rates, warmup-cosine scheduling, mixed precision, accumulation, clipping, checkpointing and early stopping. Inference reloads the selected checkpoint, sigmoid-transforms and clips toxicity logits, then writes ordered predictions.","[""SOURCE:175-233"", ""SOURCE:236-322"", ""SOURCE:418-502"", ""SOURCE:505-596"", ""SOURCE:599-722"", ""SOURCE:761-815"", ""SOURCE:821-857"", ""SOURCE:899-918"", ""SOURCE:927-978"", ""SOURCE:1010-1065"", ""SOURCE:1102-1179"", ""SOURCE:1180-1298""]","[""/Users/william/nautilus/results/20260910_022413_jubias-base-s53/logs/journal.json#nodes[6]""]",
jigsaw-unintended-bias-in-toxicity-classification,s52_s53,20260910_022912_jubias-anaf-s53,1d2e0137209247008316040c06058248,F,S53,draft,b5b25216c9185a419a8c32da2c3a6539262d8754568f93f3449623221ccb0c56,,ok,Bias-aware ModernBERT toxicity classifier,"Comments are normalized with URL/email markers and engineered text statistics. Duplicate texts are group-split into stratified train/validation partitions. Training includes identity-word-swapped augmentations whose identity labels are masked. A pretrained ModernBERT-large classifier, with dropout and an eight-logit output head, tokenizes padded/truncated text and predicts toxicity plus auxiliary labels. The objective combines weighted toxicity BCE, masked auxiliary BCE, identity-specific pairwise softplus ranking losses for subgroup, BPSN and BNSP comparisons, and Smooth L1 alignment of subgroup/background non-toxic mean logits. Group losses use temperature-controlled log-sum-exp; ranking pairs may be subsampled. Batches cover identity/background and toxic/non-toxic strata before global shuffled examples. AdamW uses separate backbone/head rates, excludes bias and normalization parameters from weight decay, and is paired with mixed precision, accumulation, clipping, cosine warmup, and optional checkpointing. Checkpoints use a bias-aware AUC; inference sigmoids toxicity logits and writes test predictions.","[""SOURCE:147-224"", ""SOURCE:226-324"", ""SOURCE:330-515"", ""SOURCE:547-570"", ""SOURCE:572-733"", ""SOURCE:735-804"", ""SOURCE:806-895"", ""SOURCE:907-1096"", ""SOURCE:1099-1201"", ""SOURCE:1204-1462""]","[""/Users/william/nautilus/results/20260910_022912_jubias-anaf-s53/logs/journal.json#nodes[1]""]",
jigsaw-unintended-bias-in-toxicity-classification,s52_s53,20260910_022912_jubias-anaf-s53,31420c457ea347c8ae9db613d7bffa16,F,S53,debug,214eca933ae2df037f05e3d437c273adf1e3e4458ff3fd64f57a0bb90410f5e1,,ok,ModernBERT Weighted Toxicity Classifier,"The solution fine-tunes ModernBERT-large for binary toxicity prediction with one logit per comment. Text is Unicode-normalized, HTML-unescaped, stripped of controls and excess whitespace, and has URLs, emails and mentions replaced by markers. Ten standardized count/ratio features are computed, but their connection to model inputs is not shown. Grouped stratified 10-fold splitting keeps identical raw comments within one fold using toxicity-by-identity strata. Soft fractional toxicity labels are optimized with weighted binary cross-entropy; weights combine natural sampling and uniform stratum balancing. Batches use dynamic padding and truncation to 192 tokens. AdamW assigns separate backbone and classifier learning rates, with mixed precision, accumulation, clipping, activation checkpointing, and linear warmup/decay. Validation selects checkpoints using an equally weighted bias-aware AUC metric. The best checkpoint is reloaded, sigmoid converts logits to probabilities, and test ID/probability pairs are saved.","[""SOURCE:110-180"", ""SOURCE:187-318"", ""SOURCE:324-395"", ""SOURCE:401-660"", ""SOURCE:755-774"", ""SOURCE:781-845"", ""SOURCE:849-876"", ""SOURCE:904-936""]","[""/Users/william/nautilus/results/20260910_022912_jubias-anaf-s53/logs/journal.json#nodes[3]""]",
jigsaw-unintended-bias-in-toxicity-classification,s52_s53,20260910_022912_jubias-anaf-s53,3d398d3c09684090adb4e101cc4e077c,F,S53,draft,a3b9de5c882ed350c1d88b7c69f6cea94e8358bad37f746a2b7919402fb3416e,,ok,ModernBERT Weighted Toxicity Classifier,"A ModernBERT-large sequence classifier is fine-tuned to predict scalar comment toxicity. Raw comments are grouped to prevent duplicate leakage in a grouped 10-fold split; fold 0 is validation, with strata defined from toxicity and identity information. Text is Unicode-normalized and HTML-unescaped, while URLs, emails and mentions are replaced with markers and empty inputs are explicitly marked. Comments are tokenized and truncated to 256 tokens. Soft toxicity labels are trained using weighted binary cross-entropy on logits. Training allocation mixes uniform row probability with equal probability across four strata, using a sampler that visits each row once per epoch. AdamW uses separate backbone and classifier learning rates, linear warmup/decay, gradient accumulation, optional float16 AMP, gradient clipping, and scheduler updates after optimizer steps. Validation uses overall and identity-related generalized AUC components; the best checkpoint is saved, reloaded, and used for final validation and sigmoid-based test prediction. Test IDs and probabilities are written to a submission file.","[""SOURCE:33-83"", ""SOURCE:102-305"", ""SOURCE:316-387"", ""SOURCE:400-644"", ""SOURCE:660-757"", ""SOURCE:765-860"", ""SOURCE:873-920""]","[""/Users/william/nautilus/results/20260910_022912_jubias-anaf-s53/logs/journal.json#nodes[2]""]",
jigsaw-unintended-bias-in-toxicity-classification,s52_s53,20260910_022912_jubias-anaf-s53,3d7d33a2797c414eb809ae73e113a24a,F,S53,debug,fb9040db601a98116d19f9fdfe1a01b309bd0198c8153f43b3f7f26eb1082293,,ok,ModernBERT weighted toxicity classifier,"A ModernBERT-base sequence classifier is fine-tuned to predict continuous toxicity probabilities. Comments are Unicode-normalized and HTML-decoded; URLs, emails, and mentions are replaced with markers, while control characters and excess whitespace are removed. Duplicate-grouped stratified 10-fold splitting uses toxicity-by-identity strata. Fractional targets are optimized with sample-weighted binary cross-entropy on logits. Training sampling mixes natural sampling (70%) and equal-stratum sampling (30%), with non-repeating stratum-prioritized ordering. Inputs are truncated to 192 tokens and dynamically padded. AdamW uses separate backbone and classifier learning rates, weight decay, linear warmup/decay, accumulation, gradient clipping, mixed precision, and activation checkpointing. Validation combines overall AUC with power-mean subgroup, BPSN, and BNSP AUCs; the best checkpoint is retained and reloaded. Sigmoid probabilities are generated for test inputs and saved with input IDs.","[""SOURCE:131-179"", ""SOURCE:198-267"", ""SOURCE:274-290"", ""SOURCE:327-398"", ""SOURCE:449-530"", ""SOURCE:615-656"", ""SOURCE:679-743"", ""SOURCE:758-777"", ""SOURCE:780-879"", ""SOURCE:907-945""]","[""/Users/william/nautilus/results/20260910_022912_jubias-anaf-s53/logs/journal.json#nodes[6]""]",
jigsaw-unintended-bias-in-toxicity-classification,s52_s53,20260910_022912_jubias-anaf-s53,648651bcf0a74e56b849316c08228f5b,F,S53,debug,0ef2dfb36e5d9938be7e3e1a5ee032db04763e8b6b2276adaff069b8d4de8e82,,ok,Identity-Aware ModernBERT Toxicity Classifier,"Comments are Unicode-normalized and cleaned, with URLs/emails replaced, and text-derived features computed. A grouped, stratified validation split uses toxicity and identity presence. Training adds lexical identity-swap counterfactuals while retaining toxicity and auxiliary labels but removing identity labels. A pretrained ModernBERT classifier produces toxicity plus six auxiliary logits; the encoder is frozen and the classifier head uses dropout when available. The objective combines weighted toxicity BCE, masked auxiliary BCE, identity-specific subgroup/BPSN/BNSP pairwise ranking losses, temperature log-sum-exp aggregation across identities, and Smooth-L1 alignment of non-toxic subgroup and background logits. Tokenization uses truncation and dynamic padding. Identity/toxicity-stratified batches are used with AdamW parameter groups, cosine warmup scheduling, mixed precision, gradient accumulation, and clipping. Checkpoints are selected from overall and identity AUC power means. Test toxicity probabilities are sigmoid-transformed, clipped, and exported to CSV.","[""SOURCE:127-229"", ""SOURCE:231-329"", ""SOURCE:335-520"", ""SOURCE:552-583"", ""SOURCE:586-723"", ""SOURCE:730-818"", ""SOURCE:820-914"", ""SOURCE:923-1112"", ""SOURCE:1115-1217"", ""SOURCE:1220-1476"", ""SOURCE:1478-1488""]","[""/Users/william/nautilus/results/20260910_022912_jubias-anaf-s53/logs/journal.json#nodes[5]""]",
jigsaw-unintended-bias-in-toxicity-classification,s52_s53,20260910_022912_jubias-anaf-s53,a3a1bae6b466406fb356045a362db453,F,S53,draft,37b78b0fbcf39d88b044a51f07366a4cc7d287f5b514fa2e3ef3cb19e32a00c8,,ok,Bias-resistant DeBERTa toxicity classification,"Comments are normalized by masking URLs, emails and mentions and limiting character elongation. Gender, race, religion and sexuality word swaps create counterfactual texts. Standardized style features cover length, capitalization, punctuation, digits and elongation. Duplicate-normalized texts are kept together in a forward temporal split. DeBERTa-v3-large encodes tokenized text; its first-token representation is layer-normalized and fused with a learned style embedding. Toxicity, auxiliary attribute and adversarial identity heads are trained with weighted masked BCE, including increased weights for identity-related examples; gradient reversal suppresses identity information. Scheduled counterfactual batches add Smooth-L1 consistency between original and swapped toxicity probabilities. Training uses shuffled data, dynamic padding, AdamW with separate backbone/head rates, AMP, accumulation, finite-loss checks, clipping, warmup/linear decay, and early stopping on bias-aware AUC combining overall, subgroup, BPSN and BNSP AUCs. Selected checkpoints output clipped test probabilities.","[""SOURCE:141-243"", ""SOURCE:297-450"", ""SOURCE:479-540"", ""SOURCE:549-730"", ""SOURCE:735-767"", ""SOURCE:778-831"", ""SOURCE:834-848"", ""SOURCE:856-972"", ""SOURCE:1001-1044"", ""SOURCE:1114-1252"", ""SOURCE:1254-1318"", ""SOURCE:1326-1381""]","[""/Users/william/nautilus/results/20260910_022912_jubias-anaf-s53/logs/journal.json#nodes[4]""]",
jigsaw-unintended-bias-in-toxicity-classification,s52_s53,20260910_022912_jubias-anaf-s53,d413a2852b444c7b9485d59fbffc5af9,F,S53,debug,cafdb953424d4b26b5c76d1fe51a2bce4c785f20385acd7d167fe6e18ab56da3,True,ok,Bias-Aware ModernBERT Toxicity Classifier,"Comments are Unicode-normalized, cleaned of HTML, URLs and emails, and accompanied by engineered text statistics. A group-held-out validation split is stratified by toxicity and identity evaluation. Training combines original rows with identity-term counterfactual swaps; swapped rows retain toxicity and auxiliary targets while identity labels are cleared. ModernBERT produces seven logits for toxicity and six auxiliary attributes, with a replaced classifier head, 0.15 dropout, and a frozen encoder. The objective combines identity-weighted primary toxicity BCE, masked auxiliary BCE, identity-aware pairwise ranking over subgroup/background positive and negative strata, and non-toxic subgroup calibration; ranking terms use temperature-controlled log-sum-exp. Batches preferentially include unused examples from each identity/background-by-label stratum before shuffled filling. AdamW, cosine warmup scheduling, mixed precision, gradient accumulation, and clipping are used. Checkpoints are selected by a combined overall, subgroup, BPSN and BNSP validation AUC. Sigmoid toxicity probabilities are clipped and exported after submission-ID validation.","[""SOURCE:155-230"", ""SOURCE:240-332"", ""SOURCE:338-523"", ""SOURCE:557-586"", ""SOURCE:589-724"", ""SOURCE:730-815"", ""SOURCE:818-889"", ""SOURCE:926-1115"", ""SOURCE:1118-1256"", ""SOURCE:1259-1460"", ""SOURCE:1476-1491""]","[""/Users/william/nautilus/results/20260910_022912_jubias-anaf-s53/logs/journal.json#nodes[7]""]",
jigsaw-unintended-bias-in-toxicity-classification,s52_s53,20260910_022943_jubias-anaf-s52,214ea756b0e243f694a12bbbc031e64e,F,S52,debug,bddc3ca6d0c2316a6788b90f64d7379ba76750e22abdd399974dbdcdfbf4db58,True,ok,DistilBERT Toxicity Prediction Pipeline,"The solution normalizes comment text, unescapes HTML, replaces URLs, emails and mentions with tokens, removes tags and normalizes whitespace. It creates toxicity and identity indicators by thresholding labels at 0.5, and uses a grouped stratified split so exact duplicate raw comments do not cross folds. A pretrained DistilBERT classifier with one output is fine-tuned on continuous toxicity targets using per-example binary cross-entropy with logits. Training samples are drawn with replacement using clipped inverse-frequency weights across target and identity-presence cells. Text is dynamically padded and truncated to 96 tokens. AdamW uses separate backbone and classifier learning rates, excludes bias and normalization parameters from weight decay, and uses mixed precision, gradient accumulation, gradient clipping, warmup and cosine decay. Validation computes overall, subgroup, BPSN and BNSP AUC metrics. The best checkpoint is reloaded for validation and test sigmoid probabilities, which are checked and written with IDs to CSV.","[""SOURCE:125-186"", ""SOURCE:229-302"", ""SOURCE:374-465"", ""SOURCE:567-709"", ""SOURCE:712-734"", ""SOURCE:746-777"", ""SOURCE:783-819"", ""SOURCE:831-865""]","[""/Users/william/nautilus/results/20260910_022943_jubias-anaf-s52/logs/journal.json#nodes[6]""]",
jigsaw-unintended-bias-in-toxicity-classification,s52_s53,20260910_022943_jubias-anaf-s52,7d08349335134d04abedae44dc030bbd,F,S52,debug,1446239ed7ff7a7983770d027b3935ca06f4c3efe37b4a2a9b46d985829336c5,,ok,Bias-Aware DeBERTa Toxicity Classifier,"The pipeline normalizes comment text, replaces URLs, emails and long numbers with markers, and derives ten standardized style/count features. It uses an article-disjoint validation split balanced for toxicity and identity prevalence. Dynamically tokenized text is encoded by DeBERTa-v3-large; CLS and masked-mean embeddings are fused with projected numeric features. The model predicts toxicity, six auxiliary labels, and nine identities through a gradient-reversal adversarial head. Its criterion combines subgroup-upweighted toxicity BCE, auxiliary and masked identity BCE, and subgroup/BPSN/BNSP pairwise ranking losses. Training uses shuffled seeded batches, optional gradient checkpointing, AMP, gradient accumulation, clipping, AdamW with layer-wise encoder learning-rate decay and higher head rate, plus cosine scheduling with 6% warmup. The adversarial coefficient follows a logistic ramp to 0.20 and is zero at inference. Early stopping and checkpointing use a generalized-mean ROC-AUC metric across overall and bias subsets; the best checkpoint outputs sigmoid toxicity probabilities.","[""SOURCE:178-255"", ""SOURCE:277-351"", ""SOURCE:400-521"", ""SOURCE:524-663"", ""SOURCE:666-732"", ""SOURCE:736-744"", ""SOURCE:750-905"", ""SOURCE:911-1017"", ""SOURCE:1027-1050"", ""SOURCE:1061-1222""]","[""/Users/william/nautilus/results/20260910_022943_jubias-anaf-s52/logs/journal.json#nodes[4]""]",
jigsaw-unintended-bias-in-toxicity-classification,s52_s53,20260910_022943_jubias-anaf-s52,7d4be756747548edb21f4f6e2f129961,F,S52,debug,fcd742077e94ec99bae6a714977e6ca5e4856792e7ad78f16320812952fdc80b,,ok,ModernBERT Toxicity Classification,"The solution normalizes comment text with Unicode normalization, HTML unescaping, placeholder replacement for URLs, emails and mentions, tag removal, and whitespace cleanup. It derives identity-related features and splits data with StratifiedGroupKFold, stratifying toxicity and identity-label state while grouping duplicate raw comments. Training samples are reweighted with replacement to balance toxicity-by-identity-presence cells. A ModernBERT-base sequence classifier produces one logit and is fine-tuned on continuous toxicity targets using unreduced binary cross-entropy with logits. Inputs are truncated to 128 tokens and dynamically padded. AdamW uses separate backbone and classifier learning rates, excluding biases and normalization parameters from weight decay. Training uses checkpointing, mixed precision, gradient accumulation, clipping, warmup and cosine decay. Validation computes overall, subgroup, BPSN and BNSP AUCs using a negative-power mean. The best checkpoint is reloaded for validation and test inference; sigmoid probabilities are checked and written as id/prediction CSV output.","[""SOURCE:132-193"", ""SOURCE:236-309"", ""SOURCE:381-471"", ""SOURCE:574-715"", ""SOURCE:718-737"", ""SOURCE:746-884""]","[""/Users/william/nautilus/results/20260910_022943_jubias-anaf-s52/logs/journal.json#nodes[5]""]",
jigsaw-unintended-bias-in-toxicity-classification,s52_s53,20260910_022943_jubias-anaf-s52,c045ae50a1594d1a82aaeac316a862f5,F,S52,draft,9a81e941d7597400f5f302faaf6330a55cee51b6277cdda9e497077104b293c6,,ok,ModernBERT Toxicity Regression Training,"Text comments are Unicode-normalized, HTML-unescaped, stripped of tags, replaced with URL, email and mention placeholders, and whitespace-normalized. Text statistics and thresholded toxicity/identity indicators are derived. A duplicate-grouped, toxicity-by-identity stratified split is used. Training examples are sampled with replacement using weights that balance toxicity and identity-presence cells. ModernBERT-large produces one logit per 192-token input; BCE-with-logits is applied per example to continuous toxicity targets. AdamW uses separate backbone and classifier learning rates, with bias and normalization parameters exempted from weight decay. Training uses mixed precision, gradient scaling, accumulation, unscaling, global norm clipping, optimizer steps, linear warmup and cosine decay. Validation computes overall, subgroup, BPSN and BNSP AUC components with a negative-power mean metric. The best checkpoint is restored for validation and test sigmoid probabilities; submissions are checked for row count, required columns, and finite nonmissing predictions before CSV export.","[""SOURCE:130-191"", ""SOURCE:234-307"", ""SOURCE:379-469"", ""SOURCE:572-629"", ""SOURCE:632-737"", ""SOURCE:746-878""]","[""/Users/william/nautilus/results/20260910_022943_jubias-anaf-s52/logs/journal.json#nodes[2]""]",
jigsaw-unintended-bias-in-toxicity-classification,s52_s53,20260910_022943_jubias-anaf-s52,c84551911dc149dea5440dad19965f21,F,S52,draft,6ca176b740dceef74e9d1a467de595f680de179bde54511c22424500f6eeba0a,,ok,Hierarchical ModernBERT Toxicity Classifier,"Comments are Unicode-normalized, HTML-decoded, anonymized for URLs, emails and users, and whitespace-cleaned. Count, ratio, and short/empty-text numeric features are derived. A forward time-based validation split, with ID fallback, keeps duplicate normalized texts in validation. ModernBERT tokenizes each comment into up to two overlapping 256-token windows with stride 64. Masked mean-pooled window embeddings are attention-aggregated and concatenated with an MLP encoding numeric features to produce a toxicity logit. Training uses soft-label BCE combined with GroupDRO over the overall population and available identity subgroup positive/negative partitions, with adaptive softmax group weights. Batches pad selected windows and include identity annotations. AdamW uses separate encoder/head learning rates, weight decay, AMP, accumulation, clipping, warmup-cosine scheduling, and optional checkpointing. Checkpoints use an identity-aware AUC metric; inference reloads the best model, applies sigmoid, and writes ID-indexed predictions.","[""SOURCE:117-183"", ""SOURCE:268-388"", ""SOURCE:424-527"", ""SOURCE:530-610"", ""SOURCE:613-699"", ""SOURCE:700-747"", ""SOURCE:774-854"", ""SOURCE:856-950"", ""SOURCE:975-1120""]","[""/Users/william/nautilus/results/20260910_022943_jubias-anaf-s52/logs/journal.json#nodes[3]""]",
jigsaw-unintended-bias-in-toxicity-classification,s52_s53,20260910_022943_jubias-anaf-s52,fedfe4845e24498596e122e4e1e35155,F,S52,draft,900258f0442eae8b20fab0b690ab4825218171cc9f064710c3bfc806ec78c19b,,ok,Bias-Aware DeBERTa Toxicity Classifier,"The system normalizes comments by replacing URLs, emails and long numbers, and derives ten standardized style and length features. Missing text and labels are zero-filled. An article-disjoint validation split is balanced for toxicity and identity prevalence. Dynamically padded, truncated token sequences and numeric features enter a DeBERTa-v3-large encoder; CLS and masked-mean embeddings are fused with a projected numeric embedding. The shared representation produces a toxicity logit, six auxiliary-label outputs, and identity predictions through a gradient-reversal adversary for nine identities. Training combines subgroup-upweighted BCE for continuous toxicity, auxiliary and observed-identity BCE, and softplus pairwise ranking losses for subgroup, BPSN and BNSP cases. AdamW uses layer-wise encoder learning-rate decay, higher head rates, selective weight decay, AMP, checkpointing, gradient accumulation and norm clipping, with cosine decay and 6% warmup. The adversarial coefficient follows a capped logistic ramp and is disabled at inference. The selected checkpoint maximizes an AUC-based validation metric; sigmoid toxicity probabilities are clipped and written by test ID.","[""SOURCE:178-255"", ""SOURCE:262-351"", ""SOURCE:400-521"", ""SOURCE:524-663"", ""SOURCE:666-735"", ""SOURCE:746-891"", ""SOURCE:893-901"", ""SOURCE:907-1013"", ""SOURCE:1023-1046"", ""SOURCE:1057-1110"", ""SOURCE:1116-1155"", ""SOURCE:1197-1247""]","[""/Users/william/nautilus/results/20260910_022943_jubias-anaf-s52/logs/journal.json#nodes[1]""]",
jigsaw-unintended-bias-in-toxicity-classification,s52_s53,20260910_022953_jubias-base-s52,13f8a4526f79414b83447057e24b56f3,A,S52,draft,f494916e87383347eb914e7ef9bf78589c23c71dc958f34fe222479cb3b7680c,,ok,Bias-Aware ModernBERT Toxicity Classifier,"The system normalizes comments, computes 14 standardized lexical features, and splits data by normalized-text hash with toxicity and identity stratification. A ModernBERT-large encoder mean-pools masked token embeddings. A numeric-feature MLP is sigmoid-gated and residually fused with the text representation, then feeds toxicity, auxiliary-toxicity, and identity heads. Inputs are tokenized with fixed-length truncation, padding, attention masks, and float numeric features. Training uses weighted BCE for continuous toxicity targets, masked BCE for auxiliary and identity labels, and pairwise softplus ranking losses for subgroup, BPSN, and BNSP fairness pairs. Identity-annotated, especially non-toxic subgroup, samples receive higher toxicity-loss weights. AdamW uses lower encoder learning rates, decay exemptions for biases and normalization, mixed precision, accumulation, clipping, and cosine warmup scheduling. Checkpoints are selected by a bias-aware AUC combining overall and power-mean subgroup, BPSN, and BNSP AUCs; best-model test probabilities are clipped and saved with submission IDs.","[""SOURCE:126-292"", ""SOURCE:343-427"", ""SOURCE:430-591"", ""SOURCE:603-686"", ""SOURCE:740-780"", ""SOURCE:783-828"", ""SOURCE:839-860"", ""SOURCE:873-969"", ""SOURCE:986-1102""]","[""/Users/william/nautilus/results/20260910_022953_jubias-base-s52/logs/journal.json#nodes[4]""]",
jigsaw-unintended-bias-in-toxicity-classification,s52_s53,20260910_022953_jubias-base-s52,22fb5e2e388449ecacbbe35ea923bc38,A,S52,draft,62ca959a68294570f97906c18f4b8eec6cfcc08ca34f319b2e098527c60edd98,,ok,DeBERTa Toxicity Ranker with Feature Fusion,"The solution normalizes comment text and derives 13 standardized text-statistic features. Exact duplicate raw comments are kept within train or validation groups, and splits are stratified by binary toxicity and a primary official identity group. A DeBERTa-v3-large encoder processes dynamically padded, truncated tokens. CLS and masked-mean embeddings are concatenated and projected; projected numeric features are added through a sigmoid gate. The fused representation produces toxicity and six subtype logits. Training uses annotator-count-weighted BCE on continuous toxicity, masked subtype BCE, and pairwise subgroup, BPSN, and BNSP ranking losses across official identities, with hard-group aggregation. AdamW uses separate backbone and head rates and excludes bias and normalization parameters from decay. It uses shuffled batches, mixed precision, accumulation, gradient clipping, and warmup followed by cosine decay. Checkpoints are selected by combined overall and identity AUC metrics; early stopping is used. Best-model test probabilities are clipped and written by submission ID.","[""SOURCE:147-210"", ""SOURCE:212-345"", ""SOURCE:347-456"", ""SOURCE:459-624"", ""SOURCE:626-693"", ""SOURCE:696-721"", ""SOURCE:746-789"", ""SOURCE:805-863"", ""SOURCE:866-890"", ""SOURCE:903-979"", ""SOURCE:985-1109""]","[""/Users/william/nautilus/results/20260910_022953_jubias-base-s52/logs/journal.json#nodes[2]""]",
jigsaw-unintended-bias-in-toxicity-classification,s52_s53,20260910_022953_jubias-base-s52,49dba0c7ec1a4763a7ebd257f68dfab4,A,S52,draft,d0701d3fb78086cd5e000c75f4bbb166f82503be5135b19c063ffed958255ec9,,ok,Fairness-Aware DeBERTa Toxicity Classifier,"The solution normalizes comment text through Unicode and HTML processing, control-character removal, URL/email replacement and whitespace cleanup, then computes 12 surface features. Duplicate-text groups and toxicity/identity strata define grouped five-fold splits. Training adds identity-term counterfactual swaps with retained toxicity/subtype labels but disabled identity supervision. A DeBERTa-v3-large encoder supplies masked-mean embeddings, fused with an MLP representation of surface features. Heads predict toxicity, six toxicity subtypes and nine identities; the identity head uses gradient-reversed semantic features. Weighted binary cross-entropy combines main, auxiliary and masked identity-adversarial losses, with fairness weights emphasizing identity-related cases. Tokenization uses truncation, dynamic padding and length-bucketed batches. AdamW uses separate encoder/head learning rates, selective weight decay, warmup-cosine scheduling, mixed precision, accumulation and gradient clipping. Checkpoints use validation bias-aware AUC. Inference disables gradient reversal, applies sigmoid to toxicity logits, restores row order and writes clipped probabilities.","[""SOURCE:154-236"", ""SOURCE:239-331"", ""SOURCE:333-510"", ""SOURCE:542-660"", ""SOURCE:663-754"", ""SOURCE:755-795"", ""SOURCE:803-884"", ""SOURCE:937-980"", ""SOURCE:981-1197"", ""SOURCE:1212-1282"", ""SOURCE:1289-1515""]","[""/Users/william/nautilus/results/20260910_022953_jubias-base-s52/logs/journal.json#nodes[1]""]",
jigsaw-unintended-bias-in-toxicity-classification,s52_s53,20260910_022953_jubias-base-s52,4c05b72c83b5471ea8ba3c5e2dd7923a,A,S52,debug,ef3cb553b9eee3fd61c471c4696cd75067e604c890a15d138ba320e0e97efa80,True,ok,Fairness-Aware DeBERTa Toxicity Classifier,"Comments are cleaned by replacing URLs and emails and converted into surface features covering length, capitalization, punctuation, digits, profanity cues and identity-term counts. A group-stratified validation split keeps duplicate cleaned texts together while stratifying by toxicity and nine identity labels. Lower-weight counterfactual examples are generated by swapping annotated identity terms while preserving toxicity and auxiliary targets. A DeBERTa-v3-small encoder mean-pools token embeddings; an MLP encodes surface features, and concatenated representations feed toxicity and six auxiliary heads. A gradient-reversal adversary predicts nine identities from semantic features. Training combines weighted toxicity BCE-with-logits, averaged auxiliary BCE, and masked identity adversarial BCE; identity-related samples receive increased fairness weights, while counterfactuals disable identity supervision. Dynamic truncated tokenization and length-bucketed shuffled batches are used. AdamW, mixed precision, accumulation, clipping, warmup and cosine decay optimize the model. Reloaded selected checkpoints produce clipped sigmoid toxicity probabilities.","[""SOURCE:135-237"", ""SOURCE:240-332"", ""SOURCE:334-511"", ""SOURCE:543-661"", ""SOURCE:664-753"", ""SOURCE:756-779"", ""SOURCE:782-857"", ""SOURCE:860-887"", ""SOURCE:948-983"", ""SOURCE:992-1148"", ""SOURCE:1178-1208"", ""SOURCE:1321-1428"", ""SOURCE:1456-1526"", ""SOURCE:1528""]","[""/Users/william/nautilus/results/20260910_022953_jubias-base-s52/logs/journal.json#nodes[7]""]",
jigsaw-unintended-bias-in-toxicity-classification,s52_s53,20260910_022953_jubias-base-s52,977fa3cb9dd944bb99c440b9a6f89f70,A,S52,debug,0a1b773a7f4b31cb47e6a9e9a225718bf09729e3cea785ae564f3d8c9c0c02a9,,ok,Fairness-Aware DeBERTa Toxicity Classifier,"Comments are normalized through Unicode and HTML processing, control-character removal, URL/email replacement, and whitespace cleanup. Text-derived numeric features cover length, casing, punctuation, digits, profanity cues, and identity-term counts. Grouped stratified folds use normalized duplicate texts and toxicity/identity strata. Identity-term counterfactual swaps can augment training while preserving toxicity and subtype labels; identity supervision is masked for these rows. A DeBERTa-v3-large encoder is masked-mean pooled and fused with an MLP over surface features to predict toxicity and six auxiliary subtypes. A gradient-reversal identity head predicts nine identity attributes from semantic features. Weighted binary cross-entropy combines main, auxiliary, and masked adversarial losses, with fairness-oriented example weighting. Dynamic truncated tokenization, length-bucketed batching, AdamW with separate encoder/head rates, warmup-cosine scheduling, mixed precision, accumulation, clipping, and optional checkpointing are used. Checkpoints use a bias-aware AUC aggregate; inference sigmoids toxicity logits and clips written predictions.","[""SOURCE:98-331"", ""SOURCE:333-534"", ""SOURCE:542-660"", ""SOURCE:663-754"", ""SOURCE:755-778"", ""SOURCE:781-795"", ""SOURCE:803-884"", ""SOURCE:942-977"", ""SOURCE:986-1158"", ""SOURCE:1294-1423"", ""SOURCE:1424-1520""]","[""/Users/william/nautilus/results/20260910_022953_jubias-base-s52/logs/journal.json#nodes[5]""]",
jigsaw-unintended-bias-in-toxicity-classification,s52_s53,20260910_022953_jubias-base-s52,ef5fe7ebc61c4ccab2324f78eb936e9e,A,S52,debug,a142b8b1ac117813e5a994faff54603859f9c26b6c580ace96dcd4680696551a,,ok,Bias-Aware DeBERTa Toxicity Ranker,"Comments are Unicode-normalized, cleaned of zero-width characters, URLs, emails and HTML, with repeated punctuation limited; 13 standardized text-statistic features are created. Duplicate raw comments are grouped during stratified splitting by toxicity and primary identity where possible. A DeBERTa-v3-large encoder yields CLS and masked mean embeddings, which are concatenated, projected, and sigmoid-gated with projected numeric features. The fused representation predicts toxicity and six subtype logits. Training combines annotator-confidence-weighted BCE for continuous toxicity, masked subtype BCE, and differentiable pairwise ranking losses for identity subgroup, BPSN and BNSP sets, aggregated with a power mean. AdamW uses lower encoder learning rates, excluded decay for bias/normalization parameters, AMP, checkpointing, accumulation, clipping, warmup and cosine scheduling. Checkpoints are selected by a bias-aware AUC score; test toxicity sigmoid outputs are clipped and saved with IDs.","[""SOURCE:147-210"", ""SOURCE:212-345"", ""SOURCE:347-456"", ""SOURCE:459-682"", ""SOURCE:684-699"", ""SOURCE:721-795"", ""SOURCE:804-869"", ""SOURCE:872-985"", ""SOURCE:991-1115""]","[""/Users/william/nautilus/results/20260910_022953_jubias-base-s52/logs/journal.json#nodes[3]""]",
jigsaw-unintended-bias-in-toxicity-classification,s52_s53,20260910_022953_jubias-base-s52,f5465a97998249689ef20df90ebf394d,A,S52,debug,32476cc46b6de176dd310aa63571585bdf0f1b568a4f8b146d173795583b896c,,ok,Bias-aware DeBERTa toxicity ranker,"Comments are canonicalized with Unicode normalization, URL/email masking, HTML and zero-width-character removal, repeated-punctuation limiting, and 13 standardized style features. Duplicate-grouped validation splitting is stratified by binary toxicity and primary identity. A pretrained DeBERTa-v3 encoder combines projected CLS and masked-mean embeddings with sigmoid-gated numeric features, then predicts toxicity and six subtype logits. Training uses annotator-count-weighted toxicity BCE, masked subtype BCE, and differentiable pairwise ranking losses for identity subgroups and BPSN/BNSP pair types, with a power mean over group losses. AdamW applies lower backbone than head learning rates and excludes bias/normalization parameters from weight decay. Mini-batch training supports mixed precision, gradient accumulation, clipping, 3% warmup plus cosine decay, and early stopping using bias-aware validation AUC. The selected checkpoint outputs sigmoid toxicity probabilities, clipped and aligned to submission IDs.","[""SOURCE:151-204"", ""SOURCE:216-349"", ""SOURCE:351-462"", ""SOURCE:465-630"", ""SOURCE:632-705"", ""SOURCE:717-801"", ""SOURCE:810-875"", ""SOURCE:878-902"", ""SOURCE:915-991"", ""SOURCE:997-1121""]","[""/Users/william/nautilus/results/20260910_022953_jubias-base-s52/logs/journal.json#nodes[6]""]",
jigsaw-unintended-bias-in-toxicity-classification,s54_s56,20260911_071931_jubias-base-s54,03f42164864743d4934497798bda3d09,A,S54,improve,0c8600e6fd5184b4b2473cae9036fbdcc2eee3ba96f81b07e722789c8c5dee38,True,ok,Adversarial DeBERTa Toxicity Classifier,"Comments are Unicode/HTML-normalized, with URLs and users replaced, control characters removed, and whitespace compressed. Twelve robust-scaled text-shape features capture length, casing, punctuation, and identity-term counts. A DeBERTa-v3-large first-token representation is projected and concatenated with a numeric-feature adapter for binary toxicity prediction. A gradient-reversal identity multilabel adversary promotes identity-invariant representations. Training uses positive-weighted toxicity BCE plus 0.08 masked identity BCE, excluding missing identity labels. Rows are sampled with replacement from four toxicity/identity buckets using allocated mass; selected benign identity texts receive identity-word-swap counterfactuals. A Smooth L1 term aligns factual and counterfactual toxicity probabilities. The adversarial scale ramps during training. AdamW uses lower encoder learning rates, AMP, gradient accumulation, clipping, and scaler updates. Inference returns clipped sigmoid toxicity probabilities; validation computes subgroup, BPSN, and BNSP ROC-AUC diagnostics.","[""SOURCE:187-267"", ""SOURCE:269-328"", ""SOURCE:330-416"", ""SOURCE:443-588"", ""SOURCE:591-721"", ""SOURCE:735-787"", ""SOURCE:790-885"", ""SOURCE:914-1087"", ""SOURCE:1090-1159"", ""SOURCE:1161-1320""]","[""/Users/william/nautilus/results/20260911_071931_jubias-base-s54/logs/journal.json#nodes[7]""]",
jigsaw-unintended-bias-in-toxicity-classification,s54_s56,20260911_071931_jubias-base-s54,1e564bc6a64c4dbd866b4abac2e9b992,A,S54,draft,6bd2b10e8cd1f6059121094bbf41c60c5fb8874087fa3f6557fc03e8bec496b1,False,ok,DeBERTa Toxicity Classifier with Identity-Cell DRO,"The solution normalizes comment text, tokenizes it to 256 tokens, and computes ten standardized structural text features. A two-class DeBERTa-v3-large classifier combines text logits with a LayerNorm-MLP structural-feature adapter through a learned bounded scale. Continuous toxicity labels are thresholded at 0.5. Sample weights balance classes and emphasize identity-related and non-toxic identity examples. Training minimizes weighted global binary cross-entropy plus Group-DRO across four toxicity/identity cells for each selected identity; exponential-moving-average cell losses define softmax group weights. Shuffled, seeded batches use custom collation and drop incomplete batches. AdamW uses separate learning rates for encoder and other parameters, decoupled weight decay, AMP, gradient checkpointing, gradient accumulation, and gradient clipping at norm 1.0. Learning rate follows linear warmup then cosine decay with a 0.25 minimum multiplier. Checkpoints restore model and criterion states. Inference returns the class-1 softmax probability using saved feature-normalization state.","[""SOURCE:119-203"", ""SOURCE:205-257"", ""SOURCE:296-356"", ""SOURCE:359-500"", ""SOURCE:502-540"", ""SOURCE:545-668"", ""SOURCE:711-738"", ""SOURCE:748-791"", ""SOURCE:793-876""]","[""/Users/william/nautilus/results/20260911_071931_jubias-base-s54/logs/journal.json#nodes[2]""]",
jigsaw-unintended-bias-in-toxicity-classification,s54_s56,20260911_071931_jubias-base-s54,218911ca4aac4aa699f811d116a5be47,A,S54,improve,3dc4e85201315f48ff796d8dba7274113e9af4dbb1f701f076e9ca263bf1f574,True,ok,DeBERTa Toxicity Classifier with Structural Features,"The solution normalizes comments using HTML unescaping, NFKC normalization, tag removal, URL replacement, repeated-punctuation limiting, and whitespace collapsing. It computes and standardizes ten structural features, then combines tokenized text (maximum 256 tokens) with these features in a pretrained DeBERTa-v3-large two-class classifier. Structural features pass through layer normalization and an MLP; their logits are added to encoder logits through a learned bounded scale. Binary cross-entropy is applied to the positive-minus-negative logit difference for continuous toxicity targets. Sample weights balance classes and emphasize identity-related and non-toxic identity examples. The objective combines weighted global loss with Group-DRO over toxicity/identity cells, using EMA cell losses and temperature-softmax group weights. AdamW uses a lower encoder learning rate, linear warm-up then cosine decay, mixed precision, gradient accumulation, and norm-1 clipping. Inference returns softmax probability for class 1; checkpoints retain model, criterion, tokenizer, and feature-normalization state.","[""SOURCE:119-203"", ""SOURCE:205-291"", ""SOURCE:296-356"", ""SOURCE:359-482"", ""SOURCE:506-541"", ""SOURCE:549-678"", ""SOURCE:712-742"", ""SOURCE:752-795"", ""SOURCE:803-880""]","[""/Users/william/nautilus/results/20260911_071931_jubias-base-s54/logs/journal.json#nodes[8]""]",
jigsaw-unintended-bias-in-toxicity-classification,s54_s56,20260911_071931_jubias-base-s54,49fa616e3a294bd396094aa8132a7fad,A,S54,draft,6c8de2779d06c09bab692c52e68ab431c193189bdbf5087ef8638bc7ceb5a048,True,ok,Adversarial Counterfactual DeBERTa Toxicity Classifier,"Comments undergo Unicode/HTML normalization, URL and user replacement, and whitespace cleanup. Twelve robustly scaled text-shape features are combined with text tokenized to 256 tokens. A DeBERTa-v3-large encoder’s first-token representation is projected and fused with a 96-dimensional numeric-feature adapter to produce a toxicity logit. A gradient-reversed head predicts 24 identity attributes, with its adversarial scale ramped from 0.05 toward 1 across optimizer steps. Training uses continuous toxicity labels and masked missing identity labels; benign identity comments can receive swapped-identity counterfactual text. The loss combines positive-weighted toxicity binary cross-entropy, weighted masked multilabel identity BCE, and, when pairs exist, a weighted Smooth L1 consistency penalty between factual and counterfactual toxicity probabilities. AdamW uses separate backbone and head learning rates with no decay for bias/normalization parameters. AMP, gradient accumulation, norm clipping, and scaler-managed updates are used. Inference applies sigmoid and clips probabilities to [0,1].","[""SOURCE:187-267"", ""SOURCE:269-383"", ""SOURCE:385-608"", ""SOURCE:610-665"", ""SOURCE:677-789"", ""SOURCE:798-818"", ""SOURCE:846-910"", ""SOURCE:921-990"", ""SOURCE:998-1119""]","[""/Users/william/nautilus/results/20260911_071931_jubias-base-s54/logs/journal.json#nodes[4]""]",
jigsaw-unintended-bias-in-toxicity-classification,s54_s56,20260911_071931_jubias-base-s54,7daab15ebb544fce82ac83a39f073af1,A,S54,improve,c5367cf5b33be6ca9b618c3456083a2d2c88953834a9d59325492930705284fa,True,ok,Bias-Aware ModernBERT Toxicity Classifier,"The solution normalizes comment text by HTML unescaping, NFKC conversion, zero-width-character removal, URL/user replacement, and whitespace collapsing. It combines a ModernBERT first-token embedding with a gated two-layer 128-dimensional encoder for scaled numeric style and lexical features, then predicts toxicity and auxiliary labels. Toxicity targets are binarized at 0.5. Training uses normalized bias-aware example weights and combines weighted toxicity BCE, masked auxiliary BCE, and subgroup BPSN ranking loss aggregated by a negative-power generalized mean. Batches cycle through identity groups, pairing non-toxic subgroup examples with toxic non-subgroup comparators before weighted random filling. Text is truncated to 256 tokens and dynamically padded. AdamW applies lower encoder learning rates and omits bias/normalization parameters from weight decay. AMP training accumulates gradients over two batches and clips norms to 1.0. Inference applies sigmoid to toxicity logits; validation reports overall, subgroup, BPSN, and BNSP AUC diagnostics.","[""SOURCE:75-169"", ""SOURCE:223-313"", ""SOURCE:340-419"", ""SOURCE:436-578"", ""SOURCE:580-627"", ""SOURCE:726-740"", ""SOURCE:742-834"", ""SOURCE:855-864"", ""SOURCE:867-929"", ""SOURCE:996-1058"", ""SOURCE:1065-1119"", ""SOURCE:1121-1208""]","[""/Users/william/nautilus/results/20260911_071931_jubias-base-s54/logs/journal.json#nodes[6]""]",
jigsaw-unintended-bias-in-toxicity-classification,s54_s56,20260911_071931_jubias-base-s54,856506ee6afd4fefac4568eb524ab57f,A,S54,draft,663121fb94edca1fccd603534cbf228b5f452351673ca3d62cc99193f578c895,True,ok,ModernBERT Toxicity Classification Pipeline,"The solution normalizes comment text through HTML unescaping, NFKC normalization, zero-width-character removal, and URL/user placeholders. It derives style, lexical-toxicity, and identity features, log-transforms count features, and robust-scales numeric inputs from training data. A ModernBERT-large encoder’s first-token representation is fused with a gated MLP encoding numeric features, then feeds primary toxicity and auxiliary multi-label heads. Primary labels are thresholded at 0.5. Training uses example-weighted binary cross-entropy, masked auxiliary BCE, and sampled pairwise ranking losses for subgroup, BPSN, and BNSP slices, combined by temperature-controlled log-sum-exp. AdamW uses separate backbone and head learning rates, without decay on bias or normalization parameters. Text batches use truncation to 256 tokens and dynamic padding. AMP, two-step gradient accumulation, gradient unscaling, and norm-1 clipping are supported. Inference sigmoid-transforms toxicity logits; checkpoints retain model, optimizer-step, tokenizer, feature metadata, and preprocessing artifacts.","[""SOURCE:75-169"", ""SOURCE:199-337"", ""SOURCE:340-433"", ""SOURCE:436-578"", ""SOURCE:581-667"", ""SOURCE:708-738"", ""SOURCE:741-776"", ""SOURCE:786-890"", ""SOURCE:915-1002""]","[""/Users/william/nautilus/results/20260911_071931_jubias-base-s54/logs/journal.json#nodes[1]""]",
jigsaw-unintended-bias-in-toxicity-classification,s54_s56,20260911_071931_jubias-base-s54,bda51d5655e84a6f8851c53ba674c494,A,S54,debug,6ef161a5694cc92fc621efcaa0750b51800bcf9521a8e12d3f6ca00df00a205d,True,ok,DeBERTa Toxicity Classifier with Group-DRO,"Comments are HTML-unescaped, NFKC-normalized, stripped of tags, URL-replaced, repetition-limited, and whitespace-collapsed. Ten normalized structural features are derived. A pretrained DeBERTa-v3-large binary classifier combines text logits with a LayerNorm–MLP projection of structural features, modulated by a learned bounded scale. Continuous toxicity labels are thresholded at 0.5; class, identity, and non-toxic identity weighting is applied. The loss combines weighted binary cross-entropy and Group-DRO over toxicity/subgroup cells, using softmax weights from EMA group losses. Tokenization truncates to 256 tokens. Seeded shuffled batches use custom collation, with mixed precision, gradient accumulation, unscaling, and norm-1 clipping. AdamW separates encoder and non-encoder learning rates and excludes bias/normalization parameters from decay; LambdaLR provides warmup then cosine decay with a 0.25 floor. Checkpoints include model, criterion, tokenizer, configuration, and feature normalization. Inference returns class-1 softmax probability.","[""SOURCE:119-203"", ""SOURCE:205-257"", ""SOURCE:296-356"", ""SOURCE:359-482"", ""SOURCE:506-544"", ""SOURCE:549-552"", ""SOURCE:617-678"", ""SOURCE:712-741"", ""SOURCE:752-795"", ""SOURCE:797-880""]","[""/Users/william/nautilus/results/20260911_071931_jubias-base-s54/logs/journal.json#nodes[5]""]",
jigsaw-unintended-bias-in-toxicity-classification,s54_s56,20260911_071931_jubias-base-s54,da50a145351d4bddb12dba8dea811693,A,S54,improve,33c5d9dc330e9cd79e452cc1cea2d68d42bc86d6fa39462838cfdf31d7cb3e2f,True,ok,Bias-aware ModernBERT toxicity classifier,"The solution normalizes comment text with HTML unescaping, NFKC conversion, zero-width removal, URL/user placeholders, and whitespace collapsing. It computes scaled lexical and stylistic features covering length, casing, punctuation, lexicon, identity terms, and repetition. A pretrained ModernBERT encodes tokenized text (maximum 256 tokens); its first-token embedding is concatenated with a sigmoid-gated two-layer numeric MLP output. The fused representation produces a primary toxicity logit and auxiliary toxicity logits. Training uses identity-cycling batches containing subgroup non-toxic examples, background toxic comparators, and weighted random fill samples. The objective combines weighted primary BCE, masked auxiliary BCE, and identity BPSN-oriented pairwise ranking loss aggregated with a negative-power generalized mean. AdamW uses separate backbone and head learning rates with decay exclusions. Training supports mixed precision, two-step accumulation, and gradient clipping. Inference returns sigmoid-transformed primary logits.","[""SOURCE:75-169"", ""SOURCE:223-284"", ""SOURCE:340-433"", ""SOURCE:436-577"", ""SOURCE:580-627"", ""SOURCE:726-740"", ""SOURCE:742-853"", ""SOURCE:855-864"", ""SOURCE:867-929"", ""SOURCE:959-999"", ""SOURCE:1006-1059"", ""SOURCE:1062-1147""]","[""/Users/william/nautilus/results/20260911_071931_jubias-base-s54/logs/journal.json#nodes[3]""]",
jigsaw-unintended-bias-in-toxicity-classification,s54_s56,20260911_072108_jubias-base-s55,20bbfe0ac57f45e4900176b36596cdc0,A,S55,debug,38274160fe496a99daaec59968f2df61b4bdaee31126c718b2c2139823dbe3ec,True,ok,Weighted DeBERTa Toxicity Multi-task Classifier,"The solution splits provided training and test data through a runtime session, normalizes comments by decoding HTML, applying NFKC, removing controls, replacing URLs/emails/IPs/users with placeholders, and tokenizes to 256 tokens. A DeBERTa-v3-large encoder uses normalized CLS features for a binary toxicity head and a six-label toxicity-subtype head. Training minimizes sample-weighted binary cross-entropy for toxicity plus 0.20 times mean subtype BCE. Weights emphasize non-toxic identity mentions and toxic comments without identities. AdamW uses separate backbone/head learning rates, selective weight decay, mixed precision, gradient accumulation, norm clipping, warmup then cosine-decay scheduling, and up to three epochs. Inference applies sigmoid to toxicity logits in evaluation mode; checkpoints save model state, tokenizer, and preprocessing configuration.","[""SOURCE:24-42"", ""SOURCE:44-167"", ""SOURCE:178-181"", ""SOURCE:231-346"", ""SOURCE:403-407"", ""SOURCE:413-418"", ""SOURCE:464-503"", ""SOURCE:506-611"", ""SOURCE:613-741""]","[""/Users/william/nautilus/results/20260911_072108_jubias-base-s55/logs/journal.json#nodes[7]""]",
jigsaw-unintended-bias-in-toxicity-classification,s54_s56,20260911_072108_jubias-base-s55,79a34999229c44fd87d953d0f82fa49b,A,S55,draft,fe997602bedbd1d012155b70b9917fad49b08cbc53bece89a45bda869ce7de7d,True,ok,Fairness-weighted ModernBERT toxicity classifier,"The solution fine-tunes a ModernBERT-large sequence classifier for soft toxicity prediction. Comments are HTML- and Unicode-normalized, with URLs/emails replaced by markers and very long text shortened; tokenization truncates to 384 tokens. It computes and standardizes auxiliary text, frequency, identity, and annotator-count features, but the shown model consumes only normalized text. Training targets are clipped continuous toxicity labels. Identity annotations define sample weights: subgroup non-toxic, subgroup toxic, and non-subgroup toxic examples receive extra weight. The model maps either one-logit output or the difference between two class logits to a binary logit and minimizes weighted binary cross-entropy. Most pretrained parameters are frozen; up to the final six encoder layers and classification head are trainable. AdamW uses separate encoder/head learning rates and decay settings. Training runs up to three shuffled epochs with AMP, two-batch gradient accumulation, and gradient clipping. Inference applies sigmoid and clips probabilities.","[""SOURCE:71-82"", ""SOURCE:92-106"", ""SOURCE:175-177"", ""SOURCE:233-260"", ""SOURCE:277-345"", ""SOURCE:380-405"", ""SOURCE:447-470"", ""SOURCE:491-520"", ""SOURCE:590-661""]","[""/Users/william/nautilus/results/20260911_072108_jubias-base-s55/logs/journal.json#nodes[1]""]",
jigsaw-unintended-bias-in-toxicity-classification,s54_s56,20260911_072108_jubias-base-s55,865037d0f484447a8778cf37361105bb,A,S55,improve,51d52cf414d91f6d796e8114366a0f02b75213b618751aa87585fcd5d7f3631b,False,ok,Weighted DeBERTa Toxicity Multitask Classifier,"The solution normalizes comment text by HTML unescaping, NFKC normalization, control-character removal, placeholder replacement for URLs, emails, IPs and user mentions, and whitespace collapse. A DeBERTa-v3-large encoder supplies the CLS representation to dropout-normalized toxicity and six subtype MLP heads. Training minimizes sample-weighted binary cross-entropy for continuous toxicity targets plus 0.20 times mean subtype BCE. Weights emphasize non-toxic identity mentions, toxic identity examples, and toxic comments without identities, then are mean-normalized. Identity labels and masks are loaded but are not used by the loss. Text is dynamically tokenized to 256 tokens. AdamW uses separate backbone/head learning rates (1.5e-5/1e-4), selective weight decay, mixed precision, gradient accumulation over two batches, norm clipping at 1.0, and warmup followed by cosine decay with a floor. At inference, the model disables auxiliary heads and returns sigmoid toxicity probabilities.","[""SOURCE:73-167"", ""SOURCE:178-315"", ""SOURCE:382-521"", ""SOURCE:582-710""]","[""/Users/william/nautilus/results/20260911_072108_jubias-base-s55/logs/journal.json#nodes[4]""]",
jigsaw-unintended-bias-in-toxicity-classification,s54_s56,20260911_072108_jubias-base-s55,bb4314ad08484b8f983df5c757e3dc24,A,S55,draft,4587d4feee4bf8d3e22c3f538a50e36c03bdf68444b9676734bb78dd22e51cec,True,ok,Bias-Aware DeBERTa Toxicity Classifier,"The solution normalizes comment text with HTML unescaping, Unicode NFKC, control-character removal, placeholders for URLs, emails, IPs and user handles, and whitespace collapsing. A DeBERTa-v3-large encoder supplies normalized, dropped-out CLS features to toxicity and auxiliary subtype heads. A conditional identity adversary receives gradient-reversed features plus detached predicted toxicity probability, encouraging representations that are less predictive of identity conditional on toxicity. The loss combines sample-weighted toxicity BCE, subtype BCE (weight 0.20), and masked identity-adversary BCE (weight 0.10). Weights emphasize non-toxic comments mentioning an identity and toxic comments without identity mentions. Training uses shuffled batches of dynamically padded, truncated 256-token sequences, AdamW with separate backbone/head learning rates, warmup then cosine decay, mixed precision on CUDA, two-step gradient accumulation, and norm-1 clipping for up to three epochs. Inference disables auxiliary heads and returns sigmoid toxicity probabilities.","[""SOURCE:73-159"", ""SOURCE:170-369"", ""SOURCE:436-575"", ""SOURCE:636-764""]","[""/Users/william/nautilus/results/20260911_072108_jubias-base-s55/logs/journal.json#nodes[2]""]",
jigsaw-unintended-bias-in-toxicity-classification,s54_s56,20260911_072108_jubias-base-s55,bd1b4e2260714dbaaf1cd1b869cc5147,A,S55,improve,0e8ccabcdf8027074f72cd4d0920a439adfb2b81f2034715d5f663f9cfff29d6,True,ok,Fairness-weighted ModernBERT toxicity classifier,"The solution fine-tunes a ModernBERT-large sequence classifier for soft toxicity prediction. Comments are HTML-unescaped, NFKC-normalized, stripped of control characters, with URLs/emails replaced by markers and very long text shortened. It derives and standardizes auxiliary text, repetition, punctuation, frequency, identity, and annotator-count features, but the model dataset supplies only normalized text. Training targets are clipped continuous toxicity labels. Samples mentioning evaluated identities receive increased loss weights, especially non-toxic identity examples; toxic non-identity examples receive a smaller increase. The classifier produces a binary logit directly or as class-1 minus class-0 logits. All parameters are frozen except up to six final encoder layers and classification-head modules. Weighted BCE-with-logits is optimized with AdamW, separate encoder/head learning rates and decay rules, AMP, gradient accumulation over two batches, and gradient clipping. Inference tokenizes to 384 tokens, applies sigmoid, and clips probabilities.","[""SOURCE:71-82"", ""SOURCE:92-177"", ""SOURCE:179-280"", ""SOURCE:286-414"", ""SOURCE:429-479"", ""SOURCE:500-529"", ""SOURCE:599-670""]","[""/Users/william/nautilus/results/20260911_072108_jubias-base-s55/logs/journal.json#nodes[3]""]",
jigsaw-unintended-bias-in-toxicity-classification,s54_s56,20260911_072108_jubias-base-s55,d4dac7ee3af74d5792b3a9a1f9d8da69,A,S55,draft,e80d9b764bec72618eabe1e8c0ac82aaadfc090c2025e5e5db6cecd8b49fd19d,True,ok,Identity-Robust ModernBERT Toxicity Classifier,"A pretrained ModernBERT-large classifier is fine-tuned to output one toxicity logit. Text is Unicode-normalized, HTML removed, emails and URLs replaced by markers, whitespace collapsed, and lowercased before tokenization to 256 tokens. Soft toxicity labels are optimized with binary cross-entropy plus a group-DRO loss over benign/toxic cells for nine identity groups. Group losses use exponential moving averages, with active groups weighted by a softmax over their EMA losses. Identity-annotated examples may receive identity-substituted counterfactual text; eligible samples are probabilistically selected and trained with a weighted MSE between counterfactual probabilities and detached original probabilities. AdamW uses separate backbone and classifier learning rates, excluding bias and normalization parameters from weight decay. Training supports CUDA mixed precision, gradient accumulation, norm clipping, non-finite-loss resets, and updates for residual epoch gradients. Inference batches normalized text, optionally uses mixed precision, and applies sigmoid to logits.","[""SOURCE:121-146"", ""SOURCE:149-292"", ""SOURCE:298-313"", ""SOURCE:328-449"", ""SOURCE:451-500"", ""SOURCE:503-600"", ""SOURCE:603-635"", ""SOURCE:705-737"", ""SOURCE:738-809"", ""SOURCE:811-859""]","[""/Users/william/nautilus/results/20260911_072108_jubias-base-s55/logs/journal.json#nodes[5]""]",
jigsaw-unintended-bias-in-toxicity-classification,s54_s56,20260911_072108_jubias-base-s55,e43131cca14840e8beeb30a41ca7facd,A,S55,improve,1b626a2a2725bda7d22050a335410a5e81b9c0ed273b551971d7a5d88869cbaa,True,ok,Identity-Robust ModernBERT Toxicity Classifier,"Text is Unicode-normalized, stripped of HTML, emails and URLs, whitespace-cleaned and lowercased. A ModernBERT-large classifier receives tokenized normalized text up to 256 tokens and produces seven toxicity-related logits. The primary toxicity logit is trained on soft labels using BCE-with-logits combined with an EMA-informed, softmax-weighted identity-group loss over benign and toxic identity cells. Auxiliary logits use masked BCE for available multitask labels. Eligible identity-substituted counterfactual texts are sampled and penalized by MSE between their toxicity probabilities and detached original probabilities. Training uses shuffled batches, AdamW with separate backbone and head learning rates and decay exclusions, AMP, gradient accumulation, finite-loss filtering, norm-1 gradient clipping, and partial final updates. Inference returns the sigmoid of logit 0. Checkpoints retain model, tokenizer, loss state, preprocessing statistics and inference settings.","[""SOURCE:57-70"", ""SOURCE:131-147"", ""SOURCE:159-280"", ""SOURCE:316-340"", ""SOURCE:355-476"", ""SOURCE:478-519"", ""SOURCE:530-639"", ""SOURCE:642-674"", ""SOURCE:685-714"", ""SOURCE:728-734"", ""SOURCE:744-758"", ""SOURCE:760-761"", ""SOURCE:768-910""]","[""/Users/william/nautilus/results/20260911_072108_jubias-base-s55/logs/journal.json#nodes[8]""]",
jigsaw-unintended-bias-in-toxicity-classification,s54_s56,20260911_072108_jubias-base-s55,eecb92f43fd84b83a06a6dea2ef99e91,A,S55,improve,1a144a580418309cc9c0d9130c1b3836af75809cb903a6f208895f85727c1549,True,ok,Fairness-Aware ModernBERT Toxicity Classifier,"Comments are normalized with URL/email replacement and tokenized to a 384-token limit. A ModernBERT-large sequence classifier is fine-tuned with only the classification head and up to six final encoder layers trainable. Soft toxicity labels are clipped, and training batches deliberately mix identity-associated toxic/background pair pools with shuffled examples. The objective combines sample-weighted binary cross-entropy, with increased identity-example weights, and an identity-aware pairwise softplus ranking loss weighted by 0.15. AdamW uses separate encoder and head learning rates and decay settings. Training supports CUDA mixed precision, gradient accumulation, unscaling, gradient-norm clipping at 1.0, and early stopping through a session controller. At inference, logits are converted with sigmoid and probabilities are clipped.","[""SOURCE:114-136"", ""SOURCE:139-305"", ""SOURCE:311-354"", ""SOURCE:357-418"", ""SOURCE:423-504"", ""SOURCE:520-579"", ""SOURCE:600-629"", ""SOURCE:699-743"", ""SOURCE:750-765"", ""SOURCE:767-845""]","[""/Users/william/nautilus/results/20260911_072108_jubias-base-s55/logs/journal.json#nodes[6]""]",
jigsaw-unintended-bias-in-toxicity-classification,s54_s56,20260911_072344_jubias-base-s56,0480acbb4405414b88924fd6cb2bf7ec,A,S56,improve,7fc975cefab9b37623e3394103103d26569af97d34c5005b0f9a8b61c45f7c3d,True,ok,Fairness-Aware ModernBERT Toxicity Classifier,"Comments are HTML-decoded, Unicode-NFKC normalized, stripped of control characters, and have URLs, emails, and mentions replaced with markers. Fourteen standardized structural features are computed. A ModernBERT-large encoder produces a first-token representation; an MLP encodes numeric features and a sigmoid gate fuses both representations. Heads output a toxicity logit and nine identity-label logits. Toxicity training uses sample-weighted binary cross-entropy, emphasizing identity-subgroup negatives and background positives, plus masked identity BCE weighted by 0.20. Earlier encoder layers are frozen, leaving the final eight layers and added modules trainable. AdamW uses separate backbone and head learning rates, linear warm-up, mixed precision, gradient accumulation, finite-loss checks, gradient clipping, and gradient scaling. Text is truncated to 256 tokens. Checkpoints restore model weights and tokenizer while validating dimensions. Inference batches rows and applies sigmoid to toxicity logits.","[""SOURCE:72-124"", ""SOURCE:127-159"", ""SOURCE:197-206"", ""SOURCE:237-328"", ""SOURCE:331-408"", ""SOURCE:417-490"", ""SOURCE:573-604"", ""SOURCE:637-683"", ""SOURCE:731-773"", ""SOURCE:783-870""]","[""/Users/william/nautilus/results/20260911_072344_jubias-base-s56/logs/journal.json#nodes[6]""]",
jigsaw-unintended-bias-in-toxicity-classification,s54_s56,20260911_072344_jubias-base-s56,1761c01bde98439f92789e105c6eccbd,A,S56,draft,fbf301e6cea726f62343038e05dcfd7b19c850e260b07cf5f85e7c8531282356,False,ok,Conditional Adversarial DeBERTa Toxicity Classifier,"Comments undergo Unicode and HTML cleanup, replacement of emails, URLs and mentions, lowercasing, punctuation-run limiting, and identity-masked counterfactual construction. Standardized text statistics are computed, while identity-term count is excluded from numeric model inputs. A DeBERTa-v3-large encoder produces a CLS embedding, concatenated with a numeric-feature tower to predict toxicity. A gradient-reversal adversary predicts 24 identity labels from text features conditioned on a detached toxicity target in training or detached predicted probability otherwise. The objective combines confidence-weighted toxicity BCE, subgroup/toxicity-dependent sample weights, and masked identity BCE weighted 0.10. Text is tokenized to 256 tokens. Shuffled custom-collated batches support gradient accumulation and optional mixed precision; gradients are unscaled, clipped to norm 1.0, then updated with AdamW using separate encoder/head rates and warmup-cosine scheduling. Inference omits the conditional target, applies sigmoid, concatenates outputs, and clips probabilities.","[""SOURCE:67-97"", ""SOURCE:167-319"", ""SOURCE:321-325"", ""SOURCE:328-542"", ""SOURCE:544-563"", ""SOURCE:578-703"", ""SOURCE:725-751"", ""SOURCE:755-773"", ""SOURCE:784-830"", ""SOURCE:841-868"", ""SOURCE:875-932""]","[""/Users/william/nautilus/results/20260911_072344_jubias-base-s56/logs/journal.json#nodes[2]""]",
jigsaw-unintended-bias-in-toxicity-classification,s54_s56,20260911_072344_jubias-base-s56,1fb516e7e9e24685ae061fc8baab5d09,A,S56,draft,94fa518e13ce5394f807723a41296634bd9f6f6382c664255c113f586d66411f,False,ok,ModernBERT Toxicity Classifier with Identity-Aware Weighting,"Text is normalized by HTML decoding, Unicode normalization, control-character removal, and URL, email, and mention replacement. Fourteen standardized structural features are computed. A ModernBERT encoder processes sequences up to 256 tokens; its first-token representation is sigmoid-gated with an MLP embedding of numeric features. Heads output toxicity and nine identity probabilities. Training uses weighted BCE on soft toxicity labels plus 0.20 masked identity BCE. Weights upweight subgroup-negative, background-positive, and subgroup-positive samples and are mean-normalized. Earlier encoder layers are frozen, leaving the final eight layers and new modules trainable. AdamW assigns lower rates to backbone parameters. Training uses AMP, gradient scaling, two-batch accumulation, linear warmup, global norm clipping at 1.0, and corrected partial-window updates; non-finite losses are skipped. Checkpoint loading validates tokenizer and inference metadata. Inference returns sigmoid toxicity probabilities.","[""SOURCE:72-124"", ""SOURCE:127-151"", ""SOURCE:189-198"", ""SOURCE:238-315"", ""SOURCE:318-395"", ""SOURCE:404-450"", ""SOURCE:471-477"", ""SOURCE:522-611"", ""SOURCE:624-670"", ""SOURCE:735-768"", ""SOURCE:770-857""]","[""/Users/william/nautilus/results/20260911_072344_jubias-base-s56/logs/journal.json#nodes[1]""]",
jigsaw-unintended-bias-in-toxicity-classification,s54_s56,20260911_072344_jubias-base-s56,35e16e80b5ea4439ae0d5366eeb3736e,A,S56,draft,87587cc83f365257fc3ba09dbbba564ea67a1733360bd565b91aa459ab302528,False,ok,Identity-masked paired ModernBERT toxicity classifier,"Comments are normalized by HTML decoding, Unicode normalization, zero-width-character removal, URL/user replacement, tag removal and whitespace collapsing. The model creates original and identity-masked text views plus 15 standardized style features. A ModernBERT-large encoder mean-pools each view; projected original, masked and difference embeddings are combined through a learned gate with the original embedding. A style-conditioned head predicts toxicity, while a masked-text head supplies a counterfactual constraint. Training uses identity-weighted binary cross-entropy and penalizes benign identity comments when the original logit exceeds the masked-view logit by more than 0.10. A per-epoch curriculum can order samples using identity-related weights. AdamW uses separate backbone and head learning rates and decay groups. Mixed-precision training supports gradient accumulation, skips non-finite losses, unscales and clips gradients to norm 1.0 before updates. Inference tokenizes both views to 192 tokens, applies sigmoid to the main logit, and clips probabilities to [0,1].","[""SOURCE:122-218"", ""SOURCE:268-359"", ""SOURCE:362-407"", ""SOURCE:440-462"", ""SOURCE:465-598"", ""SOURCE:607-648"", ""SOURCE:720-800""]","[""/Users/william/nautilus/results/20260911_072344_jubias-base-s56/logs/journal.json#nodes[4]""]",
jigsaw-unintended-bias-in-toxicity-classification,s54_s56,20260911_072344_jubias-base-s56,49028cb1422a4c57ad8bf5acbfcbb8b9,A,S56,debug,9114c5119cabed3321f8906de5c5bad86a9fab2c8d8352e667c9840357722927,True,ok,Conditional Adversarial DeBERTa Toxicity Classifier,"Comment text is HTML-decoded, Unicode-NFKC normalized, lowercased, and has emails, URLs and user mentions replaced; repeated punctuation is limited and an identity-masked counterfactual text is created. Scaled text statistics are derived, excluding identity-term count from model features. A DeBERTa-v3-large encoder provides a CLS representation fused with a numeric-feature tower to produce a toxicity logit. A gradient-reversal adversary predicts 24 identity attributes from text features conditioned on a detached toxicity target during training or detached prediction otherwise. Training uses confidence-weighted binary cross-entropy for continuous toxicity labels plus masked identity BCE weighted by 0.10, with toxicity/subgroup sample reweighting. Inputs are tokenized to 256 tokens. AdamW uses separate encoder and head learning rates, accumulation, clipping, CUDA mixed precision, checkpointing, and warmup-cosine scheduling. Inference batches sigmoid logits, concatenate and clip probabilities; checkpoints retain model, tokenizer, configuration and feature schema.","[""SOURCE:67-97"", ""SOURCE:167-319"", ""SOURCE:321-542"", ""SOURCE:544-599"", ""SOURCE:614-726"", ""SOURCE:729-751"", ""SOURCE:752-777"", ""SOURCE:788-843"", ""SOURCE:845-872"", ""SOURCE:874-938""]","[""/Users/william/nautilus/results/20260911_072344_jubias-base-s56/logs/journal.json#nodes[5]""]",
jigsaw-unintended-bias-in-toxicity-classification,s54_s56,20260911_072344_jubias-base-s56,5864112afb89465ca559d74736f13ee2,A,S56,debug,59091505f5ed69a756a6589fb66ea3ab218ba934b9c29cb405c798e0a35feab8,True,ok,Fairness-Aware ModernBERT Toxicity Classification,"Comments are HTML-decoded, NFKC-normalized, stripped of control characters, and have URLs, emails, and mentions replaced by markers. Fourteen standardized text-structure features are combined with tokenized text truncated to 256 tokens. A pretrained ModernBERT first-token embedding is fused with an MLP projection of numeric features through a learned sigmoid gate. Shared normalized representations feed toxicity and nine-label identity heads. Training uses weighted BCE-with-logits for soft toxicity labels, emphasizing subgroup negatives, background positives, and subgroup positives, plus 0.20-weighted masked identity BCE. Earlier encoder layers are frozen; the final eight layers and added heads are optimized with AdamW using separate backbone/head rates and no decay on biases or normalization parameters. Batches use CUDA AMP, two-step accumulation, linear warmup, global norm clipping, and scaler-based updates; non-finite losses reset accumulation. Inference returns sigmoid toxicity probabilities. Checkpoints validate tokenizer and input/output dimensions.","[""SOURCE:72-124"", ""SOURCE:127-151"", ""SOURCE:189-198"", ""SOURCE:229-236"", ""SOURCE:243-320"", ""SOURCE:323-400"", ""SOURCE:415-455"", ""SOURCE:473-482"", ""SOURCE:527-616"", ""SOURCE:629-675"", ""SOURCE:735-765"", ""SOURCE:775-860""]","[""/Users/william/nautilus/results/20260911_072344_jubias-base-s56/logs/journal.json#nodes[3]""]",
jigsaw-unintended-bias-in-toxicity-classification,s54_s56,20260911_072344_jubias-base-s56,5a75e35928ce495f8c291cf70f8253a7,A,S56,improve,6ba4769d0d3f3932955898bed7e2ac86591f88ff651a3b9bda4ffc7d670e9667,True,ok,Fairness-Aware ModernBERT Toxicity Classifier,"Comments are HTML-decoded, Unicode-normalized, stripped of control characters, and have URLs, emails, and mentions replaced with markers. Fourteen standardized structural features are fused with a ModernBERT first-token embedding through a gated numeric-feature MLP. Toxicity and nine identity heads produce logits. Training uses soft toxicity labels and masked identity BCE for available identity annotations; the loss is sample-weighted toxicity BCE plus 0.20 identity BCE. Fairness weights emphasize subgroup negatives and background positives, combined across identities and normalized. Batches replacement-sample two examples from each identity/target region. Earlier encoder layers are frozen, with the final eight fine-tuned using AdamW with separate backbone/head rates, warmup, mixed precision, accumulation, finite-loss checks, and gradient clipping. Incomplete accumulation gradients are rescaled. Inference batches unshuffled inputs and returns sigmoid toxicity probabilities. Checkpoints store and validate model, tokenizer, backbone, feature metadata, and dimensions.","[""SOURCE:72-124"", ""SOURCE:127-159"", ""SOURCE:269-360"", ""SOURCE:363-440"", ""SOURCE:449-495"", ""SOURCE:516-522"", ""SOURCE:567-710"", ""SOURCE:732-769"", ""SOURCE:780-859"", ""SOURCE:869-956""]","[""/Users/william/nautilus/results/20260911_072344_jubias-base-s56/logs/journal.json#nodes[9]""]",
jigsaw-unintended-bias-in-toxicity-classification,s54_s56,20260911_072344_jubias-base-s56,83fd631c1b254a16b2e6334c1485dcc0,A,S56,draft,bcfa25d7ab37a8f35c5307cdb6da11e65cf5077fb06ef2a58e6c5e2e23af9984,False,ok,Bias-Aware ModernBERT Toxicity Ranker,"The solution cleans comment text with Unicode and HTML normalization and replaces URLs and user references. It derives 12 robust-scaled structural features and regex-based identity indicators, clips toxicity and auxiliary labels to [0,1], and assigns higher weights to identity-related, toxic non-identity, and particularly non-toxic identity comments, moderated by target consensus. A pretrained ModernBERT classifier produces a text logit, while a zero-initialized MLP produces a structural-style logit; their sum is scored with a sigmoid. Training combines weighted binary cross-entropy with tail-risk aggregation of pairwise softplus ranking losses for subgroup, BPSN, and BNSP comparisons. Dynamic tokenization truncates inputs to 256 tokens. Replacement sampling is proportional to square-root clipped sample weights. AdamW uses separate backbone and style-head learning rates, mixed precision and gradient scaling when enabled, non-finite-loss checks, and global gradient clipping. Training supports update-level early stopping and checkpointing. Inference batches comments and restores model, tokenizer, scaler, and feature metadata.","[""SOURCE:116-166"", ""SOURCE:177-317"", ""SOURCE:338-390"", ""SOURCE:393-506"", ""SOURCE:511-679"", ""SOURCE:693-734"", ""SOURCE:752-757"", ""SOURCE:759-786"", ""SOURCE:788-848""]","[""/Users/william/nautilus/results/20260911_072344_jubias-base-s56/logs/journal.json#nodes[11]""]",
jigsaw-unintended-bias-in-toxicity-classification,s54_s56,20260911_072344_jubias-base-s56,bc4a08480e7c4f15a0c4ffe46c478851,A,S56,debug,f61dfcab865271606735716921e70ff479f238a1bf532854c65528c5a3ebd735,True,ok,Identity-Aware Paired ModernBERT Toxicity Classifier,"Comments are normalized with URL and user-handle replacement, and identity terms are masked to create paired original and masked views. Standardized style features are also derived. A ModernBERT-large encoder mean-pools both views; their embeddings and difference are projected and fused with style features by a learned gate. A toxicity head predicts from the fused representation, while a masked-text head provides a counterfactual logit. Training uses identity-aware weighted binary cross-entropy, increasing weight for benign and toxic identity examples, plus a margin penalty when an original benign identity logit exceeds its masked counterpart. Each epoch uses a fairness-oriented fixed-order curriculum sampler. Mixed-precision training supports gradient accumulation, skips non-finite losses, clips unscaled gradients to norm 1.0, and updates AdamW with lower backbone learning rates than head rates. At inference, both views are tokenized to 192 tokens, toxicity logits are sigmoid-transformed, and probabilities are clipped to [0,1].","[""SOURCE:127-223"", ""SOURCE:273-368"", ""SOURCE:371-416"", ""SOURCE:449-471"", ""SOURCE:474-607"", ""SOURCE:616-657"", ""SOURCE:718-808""]","[""/Users/william/nautilus/results/20260911_072344_jubias-base-s56/logs/journal.json#nodes[7]""]",
jigsaw-unintended-bias-in-toxicity-classification,s54_s56,20260911_072344_jubias-base-s56,e3adb9a7dfd2408f983169aa3dd4bf9e,A,S56,improve,a6a2640afa065a27aa54fb1c87e83ff01de0c0765c875ca130414f7d8ccef994,True,ok,Identity-Masked ModernBERT Toxicity Classifier,"Comments are normalized by HTML decoding, Unicode normalization, removal of zero-width characters and tags, URL and mention replacement, and whitespace collapsing. Each comment is paired with an identity-masked version and 15 scaled style features. A ModernBERT-large encoder mean-pools both texts; original, masked, difference, and style representations are fused with a learned sigmoid gate. A main toxicity head uses the fused representation and an auxiliary head uses masked text. Training applies identity-aware weighted binary cross-entropy, emphasizing benign identity-bearing comments, plus a linearly ramped Smooth L1 consistency loss between paired predictions. Epoch orders are produced by an identity-focused curriculum sampler. AdamW uses separate lower backbone learning rates, mixed precision, gradient checkpointing, accumulation, finite-loss checks, and gradient clipping. Checkpoints include model state, mode, and style schema. Inference tokenizes both views to length 192, applies sigmoid, and clips probabilities to [0,1].","[""SOURCE:127-223"", ""SOURCE:273-368"", ""SOURCE:371-433"", ""SOURCE:442-489"", ""SOURCE:492-625"", ""SOURCE:634-675"", ""SOURCE:719-745"", ""SOURCE:747-830""]","[""/Users/william/nautilus/results/20260911_072344_jubias-base-s56/logs/journal.json#nodes[10]""]",
jigsaw-unintended-bias-in-toxicity-classification,s54_s56,20260911_072344_jubias-base-s56,f7cae131944146608a212ce72cf08536,A,S56,improve,f682df8d0ce5302329c0d71389fe7cbadd990728e1e990aa36f9107a2fc88fd9,True,ok,Conditional Adversarial DeBERTa Toxicity Classifier,"Comments are normalized through Unicode and HTML cleanup, masking of emails, URLs and users, lowercasing, repeated-punctuation limiting, and identity-masked counterfactual text creation. Tokenized text is padded or truncated; missing inference text uses an empty-comment token. Standardized numeric style/count features are encoded by a feature tower and fused with a DeBERTa-v3-large CLS representation for a toxicity logit. A gradient-reversal adversary predicts 24 identity labels from the text representation and a detached toxicity target during training, or detached predicted probability at inference. The objective combines confidence-weighted toxicity BCE and masked, weighted identity BCE. Rare identity/toxicity cells receive capped inverse-frequency sample weights normalized to mean one. AdamW uses separate encoder and head rates, accumulation, AMP, clipping, warmup and cosine decay. Inference sigmoids and clips toxicity probabilities; checkpoints store model, tokenizer, feature schema and configuration.","[""SOURCE:67-97"", ""SOURCE:167-300"", ""SOURCE:302-389"", ""SOURCE:423-665"", ""SOURCE:680-701"", ""SOURCE:716-737"", ""SOURCE:743-761"", ""SOURCE:764-832"", ""SOURCE:835-883"", ""SOURCE:894-940"", ""SOURCE:951-977"", ""SOURCE:985-1044""]","[""/Users/william/nautilus/results/20260911_072344_jubias-base-s56/logs/journal.json#nodes[8]""]",
jigsaw-unintended-bias-in-toxicity-classification,s54_s56,20260911_072611_jubias-anaf-s55,3e133f6249164e1c9d0b05f56dfd5852,F,S55,draft,e4dc5720ab8683ee26f1db8742f59aa19b41e25874e502c7a9572e4eabd6472d,True,ok,Counterfactual Text-Numeric Toxicity Classifier,"Comments undergo Unicode and HTML cleanup, with URLs, emails and handles replaced by tokens; 15 clipped, standardized structural features are derived. A ModernBERT-large encoder produces a first-token representation, fused with a projected numeric-feature representation using a sigmoid gate, then classified by an MLP into a toxicity logit. For eligible benign comments containing annotated identities, identity terms are substituted to form counterfactual texts. The objective combines confidence-weighted binary cross-entropy on continuous toxicity targets with a weighted symmetric Bernoulli-KL consistency penalty between original and aligned counterfactual predictions. AdamW uses separate encoder and added-layer learning rates. Training shuffles batches, tokenizes to length 256, uses mixed precision, gradient scaling, accumulation, global-norm clipping at 1.0, gradient checkpointing, and optional callback stopping. Checkpoints verify sequence and feature dimensions before strict weight restoration. Inference batches inputs, applies sigmoid to logits, and clips probabilities.","[""SOURCE:154-169"", ""SOURCE:189-270"", ""SOURCE:279-293"", ""SOURCE:346-409"", ""SOURCE:412-470"", ""SOURCE:488-518"", ""SOURCE:604-698"", ""SOURCE:765-777"", ""SOURCE:780-901""]","[""/Users/william/nautilus/results/20260911_072611_jubias-anaf-s55/logs/journal.json#nodes[11]""]",
jigsaw-unintended-bias-in-toxicity-classification,s54_s56,20260911_072611_jubias-anaf-s55,434f2a2f629740198c2330634638df2b,F,S55,debug,b026de7be9761844978f17c9f4769d7ee1bc73777aa7115df648064b1c961643,False,ok,DeBERTa Toxicity Classifier with Conditional MMD,"The solution normalizes comment text with HTML decoding, Unicode normalization, control-character removal, URL replacement and whitespace collapsing. It tokenizes normalized text to at most 256 tokens. A DeBERTa-v3-large encoder supplies a CLS representation to layer normalization, dropout and an MLP toxicity-logit head. Training minimizes binary cross-entropy on continuous toxicity targets plus weighted conditional MMD regularization. The MMD uses random Fourier features to compare toxicity-logit distributions between identity-present and identity-absent examples separately in benign and toxic target strata, excluding missing identity labels. Identity adversarial training is disabled. AdamW uses separate learning rates for encoder and head. Training shuffles examples and uses CUDA mixed precision, gradient scaling, gradient accumulation, gradient-norm clipping at 1.0, optimizer updates and early stopping. Checkpoints retain model, optimizer, encoder configuration, tokenizer and inference metadata. Inference evaluates non-shuffled padded batches, applies sigmoid to logits, converts outputs to float64 and clips probabilities to [1e-7, 1-1e-7].","[""SOURCE:23-38"", ""SOURCE:118-127"", ""SOURCE:159-295"", ""SOURCE:490-560"", ""SOURCE:563-693"", ""SOURCE:714-774"", ""SOURCE:779-840"", ""SOURCE:851-918"", ""SOURCE:928-1029""]","[""/Users/william/nautilus/results/20260911_072611_jubias-anaf-s55/logs/journal.json#nodes[7]""]",
jigsaw-unintended-bias-in-toxicity-classification,s54_s56,20260911_072611_jubias-anaf-s55,47d29cf7a18f46d9b4b283fed8d762a5,F,S55,debug,2aedc1b5211a2a637c7f9a71630751a2ecd54014f17a9bc7b579bdbc3f97543a,True,ok,Bias-Aware DeBERTa Toxicity Classification,"A microsoft/deberta-v3-large sequence classifier is fine-tuned for binary toxicity. Comments are HTML-unescaped, NFKC-normalized, stripped of control characters, and have emails, URLs, and newlines replaced with markers. Labels are defined by target scores of at least 0.5. The code also derives scaled stylistic features and identity-swapped counterfactual text, while the displayed model dataset tokenizes normalized text at maximum length 256. Training uses a composite objective: binary cross-entropy on the toxic-versus-nontoxic logit margin (weight 0.60) plus a hard-weighted pairwise AUC surrogate (weight 0.40) across identity subgroup and background subgroup slices. Pair sets are deterministically capped at 96 per slice. AdamW applies separate learning rates to backbone and head, with shuffled batches, CUDA AMP when available, gradient clipping, and up to four epochs. It logs optimizer updates and mean loss, checks a stopping condition, finalizes the session, and returns softmax class-1 probabilities at inference.","[""SOURCE:188-198"", ""SOURCE:218-275"", ""SOURCE:281-317"", ""SOURCE:350-356"", ""SOURCE:359-482"", ""SOURCE:496-511"", ""SOURCE:524-541"", ""SOURCE:544-585"", ""SOURCE:588-629"", ""SOURCE:698-741"", ""SOURCE:754-760""]","[""/Users/william/nautilus/results/20260911_072611_jubias-anaf-s55/logs/journal.json#nodes[9]""]",
jigsaw-unintended-bias-in-toxicity-classification,s54_s56,20260911_072611_jubias-anaf-s55,4eb1b85a09db4d29a791707700c0fc22,F,S55,improve,60b18cbf8f71be51481bd7ae95186612a5b28b3dc346a3a47b863c8e0106e9fe,False,ok,ModernBERT Toxicity Classifier with Fairness Ranking,"Comments are Unicode/HTML-normalized with URL, email and handle replacement, then tokenized with fixed-length padding/truncation. Fifteen clipped, standardized text-structure features are processed by a LayerNorm/MLP adapter and gate-fused with the first-token representation from pretrained ModernBERT-large; an MLP outputs one toxicity logit. Continuous targets use confidence-weighted binary cross-entropy plus sampled pairwise logistic ranking. Ranking samples overall positive/negative pairs and one identity slice: within-subgroup, background-positive versus subgroup-negative, or subgroup-positive versus background-negative. Identity and binary labels use a 0.5 threshold; missing identities are non-membership. Detached logits populate bounded role-specific queues after warm-up. AdamW uses separate backbone and added-layer learning rates, weight decay, shuffled batches, mixed precision, gradient accumulation, norm-1 clipping, and checkpointing. Batched inference applies sigmoid and clips probabilities.","[""SOURCE:87-269"", ""SOURCE:272-285"", ""SOURCE:345-408"", ""SOURCE:415-608"", ""SOURCE:615-645"", ""SOURCE:687-761"", ""SOURCE:770-820"", ""SOURCE:823-895"", ""SOURCE:914-983"", ""SOURCE:985-1094""]","[""/Users/william/nautilus/results/20260911_072611_jubias-anaf-s55/logs/journal.json#nodes[13]""]",
jigsaw-unintended-bias-in-toxicity-classification,s54_s56,20260911_072611_jubias-anaf-s55,62182c79b6e24762a766e5037856a198,F,S55,debug,2723c15dbfd13701ca837148ccf281719bd120ed2f11f4469edce63f1a927803,False,ok,DeBERTa Toxicity Classifier with Conditional MMD,"The solution preprocesses comment text by HTML unescaping, Unicode normalization, control-character removal, URL replacement and whitespace cleanup. It creates a model-text view that replaces detected identity terms with an identity token, and retains continuous toxicity, auxiliary and identity labels where available. Numeric text and identity features are also computed, train-quantile clipped and standardized, then persisted with partition metadata. The classifier uses the DeBERTa-v3-large encoder from a pretrained two-label model. A LayerNorm and dropout are applied to the CLS representation, followed by a GELU MLP producing one toxicity logit. Tokenized model text is dynamically padded and truncated to 256 tokens. Targets are clamped to [0,1]. Training minimizes binary cross-entropy with logits plus weighted conditional MMD, comparing random-Fourier-feature logit distributions for identity-present versus identity-absent examples within benign and toxic strata. AdamW uses separate encoder and head learning rates, mixed precision, four-step gradient accumulation and norm clipping. Inference applies sigmoid and clips batched probabilities.","[""SOURCE:23-38"", ""SOURCE:44-111"", ""SOURCE:113-238"", ""SOURCE:251-345"", ""SOURCE:524-531"", ""SOURCE:979-1049"", ""SOURCE:1052-1150"", ""SOURCE:1153-1182"", ""SOURCE:1203-1278"", ""SOURCE:1281-1329"", ""SOURCE:1417-1505""]","[""/Users/william/nautilus/results/20260911_072611_jubias-anaf-s55/logs/journal.json#nodes[8]""]",
jigsaw-unintended-bias-in-toxicity-classification,s54_s56,20260911_072611_jubias-anaf-s55,62fdc8e621314835a2062018cb2046eb,F,S55,improve,e71c15330186b0d0dae55a6cbaad4bb7ed8bb02916aa98c495ccb8423dfd8f9d,True,ok,Fairness-Weighted ModernBERT Toxicity Classifier,"A ModernBERT-large sequence classifier produces one regression-configured logit for toxicity. Text is Unicode-normalized; URLs and emails are replaced with markers, control characters and excess whitespace are removed, and casing is retained. Auxiliary style features are derived and standardized but are not used as model inputs. Toxicity targets and nine identity indicators are clipped to [0,1] and thresholded at 0.5. Example weights are the maximum clipped square-root inverse-prevalence weight over identity-by-binary-toxicity strata. Training combines weighted binary cross-entropy on soft toxicity targets with a coefficient-scaled pairwise softplus ranking loss across overall, subgroup, background, and cross-group strata. Detached-logit queues support randomly sampled ranking comparisons and are updated per microbatch. Inputs are tokenized to 256 tokens. AdamW uses separate encoder and head learning rates and decay groups, mixed precision optionally uses gradient scaling, and gradients are clipped to norm 1.0 before accumulated updates. Inference applies sigmoid and clips probabilities to [0,1].","[""SOURCE:83-204"", ""SOURCE:236-289"", ""SOURCE:307-455"", ""SOURCE:458-535"", ""SOURCE:589-696"", ""SOURCE:724-727"", ""SOURCE:735-746"", ""SOURCE:762-840""]","[""/Users/william/nautilus/results/20260911_072611_jubias-anaf-s55/logs/journal.json#nodes[3]""]",
jigsaw-unintended-bias-in-toxicity-classification,s54_s56,20260911_072611_jubias-anaf-s55,77b86b6e8ccc4fd5832595b36e465893,F,S55,draft,a5a8a4c0239eaed5a8db0b9278995d6e8dd902e34a65b0ce377c201b478c8a50,True,ok,Adversarial DeBERTa Toxicity Classifier,"Comments are HTML-decoded, NFKC-normalized, stripped of control characters, URL-replaced, and whitespace-collapsed before tokenization with truncation and padding to 256 tokens. A pretrained DeBERTa-v3-large encoder supplies its first-token representation to layer normalization, dropout, and a toxicity MLP. A gradient-reversal identity MLP predicts nine identity labels, encouraging the encoder to remove identity information from benign examples. The objective is toxicity binary cross-entropy plus 0.08 times masked identity BCE, using finite identity labels only where toxicity targets are below 0.5. The adversarial coefficient rises linearly from 0 to 1 during the first 1,000 optimizer updates. Training uses shuffled, seeded batches, AdamW with separate encoder and head learning rates, mixed precision when CUDA is available, gradient accumulation, and gradient-norm clipping. Inference disables reversal, applies sigmoid, and clips probabilities.","[""SOURCE:23-33"", ""SOURCE:118-127"", ""SOURCE:159-295"", ""SOURCE:352-536"", ""SOURCE:557-683"", ""SOURCE:694-728"", ""SOURCE:731-761"", ""SOURCE:771-845""]","[""/Users/william/nautilus/results/20260911_072611_jubias-anaf-s55/logs/journal.json#nodes[2]""]",
jigsaw-unintended-bias-in-toxicity-classification,s54_s56,20260911_072611_jubias-anaf-s55,8e8ee68e325b43a7ae504cceda8b3d8c,F,S55,draft,8b4307ccfded48b85b1387e9a928892ea56b5b531ed0847025e2746c0ac89491,False,ok,Bias-Aware DeBERTa Toxicity Classifier,"The solution normalizes comments through HTML decoding, Unicode NFKC normalization, control-character removal, URL and email replacement, newline marking, and whitespace collapsing. It also derives robust-scaled text statistics and identity-term-swapped counterfactual text, although the shown neural dataset uses normalized text only. A two-class microsoft/deberta-v3-large sequence classifier is fine-tuned using targets thresholded at 0.5. The objective combines binary cross-entropy on the toxic-class logit margin (weight 0.60) with a hard-weighted pairwise ranking loss (weight 0.40) over identity subgroup and subgroup/background label slices, with at most 96 pairs per slice. AdamW uses separate backbone and head learning rates, gradient clipping of 1.0, CUDA AMP, and up to four shuffled epochs. Inference tokenizes text to 256 tokens and outputs the class-1 softmax probability. The implementation also reports a final validation score.","[""SOURCE:23-123"", ""SOURCE:127-336"", ""SOURCE:350-515"", ""SOURCE:521-756"", ""SOURCE:758""]","[""/Users/william/nautilus/results/20260911_072611_jubias-anaf-s55/logs/journal.json#nodes[4]""]",
jigsaw-unintended-bias-in-toxicity-classification,s54_s56,20260911_072611_jubias-anaf-s55,994b5cf69a17452ba51adeda04779b80,F,S55,improve,e91dbdb9fba9159f5c18693d72726132ef2457a679529297c1047ae39cf5ca01,True,ok,Fairness-Weighted ModernBERT Toxicity Classifier,"The solution normalizes comments through HTML unescaping, NFKC normalization, URL/email replacement, control-character removal, and whitespace cleanup. Toxicity and nine identity values are clipped to [0,1], with identities thresholded at 0.5; inverse-prevalence weights are derived across identity/toxicity strata. A one-logit ModernBERT-large classifier is fine-tuned on normalized text truncated to 256 tokens. It minimizes weighted binary cross-entropy on soft toxicity targets plus a scaled pairwise softplus ranking loss covering overall, subgroup, and subgroup/background comparisons. Ranking pairs can use detached FIFO logit queues after warm-up. Microbatches are concatenated for loss computation and gradient accumulation. AdamW uses separate encoder and head learning rates and decay groups; mixed-precision gradients are unscaled and clipped to norm 1 before updates. Inference batches indexed texts, applies sigmoid to logits, and clips probabilities to [0,1]. Checkpoints retain model, tokenizer, configuration, prediction metadata, and available preprocessing artifacts.","[""SOURCE:83-220"", ""SOURCE:236-289"", ""SOURCE:307-491"", ""SOURCE:494-569"", ""SOURCE:593-716"", ""SOURCE:720-731"", ""SOURCE:734-788"", ""SOURCE:791-945""]","[""/Users/william/nautilus/results/20260911_072611_jubias-anaf-s55/logs/journal.json#nodes[10]""]",
jigsaw-unintended-bias-in-toxicity-classification,s54_s56,20260911_072611_jubias-anaf-s55,b1cec6756d40483f83475174a01cd0bf,F,S55,improve,8d7e657c2424c8e90b96f2f3f3ec1bbc91f0b8810bb107855ff6df3025e4cfd4,False,ok,DeBERTa Toxicity Classification with Conditional MMD,"The solution normalizes comment text by HTML unescaping, Unicode normalization, control-character removal, URL replacement, and whitespace collapsing. It computes text statistics and identity-mention features, while the model consumes normalized text. A pretrained DeBERTa-v3-large encoder produces a first-token representation processed by layer normalization, dropout, GELU MLP layers, and a toxicity logit head. Inputs are tokenized with truncation and dynamic padding to 256 tokens. Training uses clamped continuous toxicity targets and binary cross-entropy, augmented with conditional MMD between identity-present and identity-absent logit distributions within benign and toxic strata, using fixed random Fourier features and valid identity labels. AdamW uses separate encoder and head learning rates. CUDA mixed precision, gradient scaling, accumulation, unscaling, and norm-1 clipping are used. Checkpoints save and restore model, optimizer, tokenizer, configuration, and metadata. Inference performs batched mixed-precision evaluation, sigmoid conversion, and probability clipping.","[""SOURCE:23-38"", ""SOURCE:118-127"", ""SOURCE:159-295"", ""SOURCE:351-358"", ""SOURCE:366-417"", ""SOURCE:439-537"", ""SOURCE:551-569"", ""SOURCE:590-665"", ""SOURCE:668-716"", ""SOURCE:731-761"", ""SOURCE:764-802"", ""SOURCE:804-905""]","[""/Users/william/nautilus/results/20260911_072611_jubias-anaf-s55/logs/journal.json#nodes[5]""]",
jigsaw-unintended-bias-in-toxicity-classification,s54_s56,20260911_072611_jubias-anaf-s55,c32708633da647debdcfca45c6bde2ff,F,S55,improve,131f9edfaa4739ec7bc3e18cbeda9ac70dd797517c612f1156a6b3fb7ddf28a5,True,ok,Fairness-Weighted ModernBERT Toxicity Classifier,"The solution normalizes comment text using HTML unescaping, NFKC normalization, URL/email tokens, control-character removal, and whitespace collapsing. It derives standardized style and length features, clips toxicity and nine identity labels to [0,1], and binarizes them at 0.5. Examples are weighted by the largest clipped square-root inverse-prevalence value across identity-toxicity strata. A pretrained ModernBERT-large classifier produces one toxicity logit, with sigmoid probabilities. Training tokenizes text to 256 tokens with dynamic padding and minimizes weighted soft binary cross-entropy plus a scaled pairwise fairness-ranking loss. Ranking comparisons cover overall, subgroup, and cross-group positive/negative cases using detached FIFO logit queues; term weights are adaptively adjusted from calibration-loss moving averages. AdamW uses separate encoder and head learning rates with no-decay parameter groups. Training supports AMP, gradient accumulation, gradient clipping, warm-up queue updates, and checkpointing. Evaluation and inference run in evaluation mode and clip finite probabilities to [0,1].","[""SOURCE:29-30"", ""SOURCE:36-46"", ""SOURCE:74-79"", ""SOURCE:83-100"", ""SOURCE:103-162"", ""SOURCE:164-204"", ""SOURCE:236-258"", ""SOURCE:261-289"", ""SOURCE:307-523"", ""SOURCE:526-579"", ""SOURCE:593-648"", ""SOURCE:651-720"", ""SOURCE:722-821"", ""SOURCE:825-938"", ""SOURCE:940-1102""]","[""/Users/william/nautilus/results/20260911_072611_jubias-anaf-s55/logs/journal.json#nodes[14]""]",
jigsaw-unintended-bias-in-toxicity-classification,s54_s56,20260911_072611_jubias-anaf-s55,c85956866ac64a259385f82d7df954f5,F,S55,improve,3672a5876b3daf553d587c475d9755124fd1702ea0434f28f34935c75c14c3ab,True,ok,Bias-Aware DeBERTa Toxicity Classifier,"The solution normalizes comments by decoding HTML, applying Unicode normalization, replacing emails and URLs, marking newlines, and removing control characters. It also derives scaled style features and counterfactual identity-swapped text, though the shown model input uses normalized text only. A two-class DeBERTa-v3-large model tokenizes comments dynamically to 256 tokens and predicts toxicity. Labels threshold toxicity at 0.5; identity annotations define subgroup and background slices. The objective combines binary cross-entropy on the toxic/non-toxic logit margin (weight 0.60) with a hard-weighted pairwise ranking loss (0.40) over subgroup, background-positive/subgroup-negative, and subgroup-positive/background-negative slices, sampling up to 96 positive-negative pairs per slice deterministically. Only the classifier/pooler and encoder layers 18–23 are trainable. AdamW uses 1.5e-5 for encoder parameters and 5e-5 for head parameters. Training uses shuffled batches, mixed precision, gradient scaling, unscaling, global gradient clipping at norm 1.0, and scaler-mediated updates. Inference returns class-1 softmax probability.","[""SOURCE:123-124"", ""SOURCE:188-279"", ""SOURCE:281-317"", ""SOURCE:350-356"", ""SOURCE:359-482"", ""SOURCE:503-539"", ""SOURCE:552-607"", ""SOURCE:610-651"", ""SOURCE:714-757"", ""SOURCE:759-785""]","[""/Users/william/nautilus/results/20260911_072611_jubias-anaf-s55/logs/journal.json#nodes[12]""]",
jigsaw-unintended-bias-in-toxicity-classification,s54_s56,20260911_072611_jubias-anaf-s55,d480dc30bd1041c397792569c424eaa7,F,S55,debug,de73cf9d7859a5eed2ef3bba2d0672fa90112d3aca811a2bf3fc7019c2823dc3,False,ok,Conditional MMD DeBERTa Toxicity Classifier,"The solution predicts continuous toxicity probabilities from comment text with a DeBERTa-based model. It splits data before preprocessing, normalizes text, replaces URLs, derives count, ratio, punctuation and identity-lexicon features, and creates identity-masked text; the shown neural input uses tokenized model text truncated to 256 tokens. The encoder’s first-token representation is layer-normalized, dropped out, and passed through a GELU MLP to produce one logit. Training batches contain toxicity and nine identity targets. The loss combines binary cross-entropy with 0.03-weighted conditional MMD, aligning random-Fourier-feature logit distributions between identity-present and identity-absent samples separately within benign and toxic strata. AdamW uses distinct encoder and head learning rates. Training supports mixed precision, gradient accumulation, unscaling, norm clipping at 1.0, and GradScaler updates. Inference applies sigmoid and clips probabilities. Checkpoints preserve model, optimizer, tokenizer, configuration, metadata, and optional feature manifests.","[""SOURCE:23-33"", ""SOURCE:118-127"", ""SOURCE:159-238"", ""SOURCE:251-295"", ""SOURCE:387-457"", ""SOURCE:460-558"", ""SOURCE:561-590"", ""SOURCE:611-686"", ""SOURCE:689-737"", ""SOURCE:740-745"", ""SOURCE:748-815"", ""SOURCE:825-926""]","[""/Users/william/nautilus/results/20260911_072611_jubias-anaf-s55/logs/journal.json#nodes[6]""]",
jigsaw-unintended-bias-in-toxicity-classification,s54_s56,20260911_072611_jubias-anaf-s55,d5978d3693b944f6a504388371738862,F,S55,draft,710c13e839d59c544381b76d2897767a841db07f9590aae433e651bdc175b296,True,ok,Fairness-Weighted ModernBERT Toxicity Classifier,"The solution fine-tunes a ModernBERT-large sequence classifier with one logit for continuous toxicity targets. It splits data before preprocessing, normalizes comment text with HTML decoding, NFKC normalization, URL/email placeholders, and whitespace/control-character cleanup. It computes and standardizes auxiliary text statistics, but the saved inference state specifies that these numeric features are not used by the model. Targets and nine identity indicators are clipped to [0,1] and binarized at 0.5. Training examples in identity-by-toxicity strata receive train-only inverse-prevalence weights, clipped to 1–6 and combined by maximum. Tokenized text is truncated to 256 tokens. The objective is weighted binary cross-entropy with logits against soft targets. AdamW uses separate encoder/head learning rates and decay groups. Training runs up to two shuffled epochs with mixed precision, gradient accumulation, norm clipping, and runtime-controlled stopping. Inference applies sigmoid probabilities to batched tokenized text.","[""SOURCE:29-30"", ""SOURCE:74-79"", ""SOURCE:83-100"", ""SOURCE:114-162"", ""SOURCE:164-204"", ""SOURCE:236-258"", ""SOURCE:261-293"", ""SOURCE:296-349"", ""SOURCE:394-424"", ""SOURCE:444-499"", ""SOURCE:565-640""]","[""/Users/william/nautilus/results/20260911_072611_jubias-anaf-s55/logs/journal.json#nodes[1]""]",
jigsaw-unintended-bias-in-toxicity-classification,s54_s56,20260911_072611_jubias-anaf-s56,0c6473deb89644a08d6d43e9cfd727c3,F,S56,draft,370555e4e6f735fad409427d5f6cd433815bcd5dbb5cc7840cee3d0dbd7f4a30,True,ok,Adversarial DeBERTa Toxicity Classifier,"Comments are normalized with NFKC, HTML decoding/removal, URL and email replacement, control-character removal, and whitespace collapsing, then tokenized to 256 tokens. The dataset also derives identity-masked text and standardized style features, but the described model input uses normalized text. A pretrained DeBERTa-v3-large encoder is mean-pooled over non-padding tokens and passed through linear, LayerNorm, GELU, and dropout layers to toxicity, subtype, and identity heads. Training minimizes identity-upweighted binary toxicity loss, masked subtype BCE, and benign-example identity BCE through gradient reversal; unavailable subtype or identity labels are masked. Shuffled batches use custom collation. AdamW applies separate backbone and head learning rates with decay exclusions. CUDA AMP, gradient scaling, accumulation, and gradient-norm clipping at 1.0 are used before updates. Checkpoints store model, tokenizer, and style scaler. Inference batches normalized text, sigmoid-transforms toxicity logits, and clips outputs to [0,1].","[""SOURCE:95-105"", ""SOURCE:160-258"", ""SOURCE:333-420"", ""SOURCE:423-518"", ""SOURCE:555-582"", ""SOURCE:585-712"", ""SOURCE:742-758"", ""SOURCE:764-787"", ""SOURCE:797-807"", ""SOURCE:815-885""]","[""/Users/william/nautilus/results/20260911_072611_jubias-anaf-s56/logs/journal.json#nodes[2]""]",
jigsaw-unintended-bias-in-toxicity-classification,s54_s56,20260911_072611_jubias-anaf-s56,0f76ee626bbe4b3e8275e9b8d7127e7b,F,S56,draft,69ae9d03662a251eebb395e4ab7d1fc7b52813129fb1e4db22f93ee02aac374d,True,ok,Dual-window ModernBERT toxicity classifier,"Comments are normalized with Unicode NFKC, HTML decoding/removal, control-character cleanup, URL/user placeholders, lowercasing, and style-prefix tokens. Nine standardized surface features are derived. A pretrained ModernBERT encodes separate first and last 190-token windows; normalized CLS vectors are attention-gated and pooled, concatenated with numeric features, and passed through a fusion MLP with heads for toxicity and six subtype targets. Weighted BCE-with-logits emphasizes identity-related, toxic, background-toxic, and high-confidence examples; subtype BCE has weight 0.14. A replacement weighted sampler oversamples identity-related and toxic groups. AdamW uses distinct encoder and head learning rates, weight decay, and warmup followed by cosine scheduling. Training supports up to 100 epochs with mixed precision, two-batch gradient accumulation, norm clipping, scheduler updates per optimizer step, checkpoint restoration, and session-controlled early stopping. Toxicity inference applies sigmoid to logits.","[""SOURCE:138-286"", ""SOURCE:288-334"", ""SOURCE:365-528"", ""SOURCE:531-574"", ""SOURCE:594-672"", ""SOURCE:682-723"", ""SOURCE:790-820"", ""SOURCE:822-891""]","[""/Users/william/nautilus/results/20260911_072611_jubias-anaf-s56/logs/journal.json#nodes[10]""]",
jigsaw-unintended-bias-in-toxicity-classification,s54_s56,20260911_072611_jubias-anaf-s56,1f0059b2351543b29e7fb3e5a943548d,F,S56,draft,4fd3391db563406593117622cb59f5b15224e1d73c881133199c7c7a8dd1198c,True,ok,ModernBERT Toxicity Ranking Classifier,"The solution predicts comment toxicity with a pretrained ModernBERT-large sequence classifier producing one logit. Raw train/test data are split before preprocessing. Comment text is normalized; standardized length, punctuation, casing and URL features are derived; identity annotations are retained. Benign comments mentioning identities receive higher sample weights, and selected low-toxicity identity comments are augmented by lexical identity swaps while retaining targets. The loss combines sample-weighted soft-target binary cross-entropy with sampled pairwise softplus ranking losses for overall, subgroup, background-positive/subgroup-negative, and subgroup-positive/background-negative comparisons; bias-ranking terms use temperature-scaled log-sum-exp aggregation. AdamW uses separate backbone and classifier learning rates, without weight decay for biases or normalization parameters. Batches are shuffled and tokenized with padding/truncation; mixed precision, gradient accumulation, finite-loss checks, and gradient clipping are supported. Inference sigmoid-transforms batched logits. Checkpoints store weights, configuration, tokenizer, sequence length, activation metadata, and identity-loss columns.","[""SOURCE:35-39"", ""SOURCE:124-234"", ""SOURCE:241-309"", ""SOURCE:382-389"", ""SOURCE:392-549"", ""SOURCE:551-590"", ""SOURCE:601-703"", ""SOURCE:707-715"", ""SOURCE:718-757"", ""SOURCE:768-819"", ""SOURCE:821-890""]","[""/Users/william/nautilus/results/20260911_072611_jubias-anaf-s56/logs/journal.json#nodes[5]""]",
jigsaw-unintended-bias-in-toxicity-classification,s54_s56,20260911_072611_jubias-anaf-s56,4eed868ef31d4cbbad8722e4257772d9,F,S56,draft,53c7c7b45fdb564f4332745410b53189fdf48c8856c5511526bb944addbea16c,True,ok,ModernBERT toxicity classifier,"The solution fine-tunes a ModernBERT-large sequence classifier with one logit for toxicity prediction. It normalizes comments with NFKC and HTML decoding, removes tags and controls, replaces URLs and @mentions with tokens, and collapses whitespace. It also computes standardized text-statistics and identity-keyword features, but the neural dataset and model consume only normalized text. Soft fractional target values are optimized using mean binary cross-entropy with logits; a 0.5 threshold is used only to construct sampling classes. Training retains all positives and at most three negatives per positive, then uses replacement weighted sampling to balance retained classes. Text is tokenized to 256 tokens with dynamic padding to a multiple of eight. AdamW uses 1.5e-5 learning rate and 0.01 decay except biases and normalization weights. Four epochs use batch size 8, four-step gradient accumulation, AMP on CUDA, and gradient clipping at norm 1. Inference applies sigmoid to logits in batches of 32.","[""SOURCE:92-204"", ""SOURCE:255-302"", ""SOURCE:305-381"", ""SOURCE:460-582""]","[""/Users/william/nautilus/results/20260911_072611_jubias-anaf-s56/logs/journal.json#nodes[1]""]",
jigsaw-unintended-bias-in-toxicity-classification,s54_s56,20260911_072611_jubias-anaf-s56,5198d9856f3c4d8eafdce0114b05c976,F,S56,improve,dbfc88a05a74b71d057a3bfec341479e93cfe6e7381d3ccc124fafc2cabdded0,False,ok,Identity-aware DeBERTa Toxicity Classifier,"Comments are Unicode- and HTML-normalized, stripped of tags and control characters, with URLs and emails replaced and whitespace collapsed. The implementation also creates identity-masked and standardized style-feature views, although the shown encoder consumes normalized text. A DeBERTa-v3-large encoder processes sequences up to 256 tokens; mean pooling over non-padding tokens feeds a linear, LayerNorm, GELU, and dropout representation, followed by toxicity and subtype heads. Training combines identity-upweighted toxicity binary cross-entropy, finite-label-masked subtype BCE, and pairwise softplus ranking losses for observed identity/background subgroup conditions. A sampler periodically forms batches from benign/toxic subgroup and observed-background pools, otherwise using deterministic epoch shuffling. AdamW uses separate backbone and head learning rates with decay exclusions. Mixed precision, gradient accumulation, unscaled global-norm clipping at 1.0, and scaler updates are used. Inference applies sigmoid to toxicity logits and clips probabilities to [0,1]. Checkpoints retain model and preprocessing metadata.","[""SOURCE:160-258"", ""SOURCE:333-403"", ""SOURCE:406-526"", ""SOURCE:541-590"", ""SOURCE:593-720"", ""SOURCE:742-751"", ""SOURCE:772-795"", ""SOURCE:805-919"", ""SOURCE:936-1003""]","[""/Users/william/nautilus/results/20260911_072611_jubias-anaf-s56/logs/journal.json#nodes[4]""]",
jigsaw-unintended-bias-in-toxicity-classification,s54_s56,20260911_072611_jubias-anaf-s56,580ae58743eb49f19d6d95880176c291,F,S56,improve,1c72a72a7e3b257b58c892a884570361e7d4a8c08704830386a5bb4a38ec1744,True,ok,Frozen ModernBERT Identity-Aware Toxicity Ranker,"The method splits data before preprocessing, normalizes comment text, and computes standardized text-structure features from training statistics. It upweights identity-labelled benign examples and some toxic identity examples, and adds up to 150,000 benign identity-swap counterfactuals retaining targets and weights. A pretrained ModernBERT-large classifier produces one toxicity logit; only its classifier head is optimized. Inputs are tokenized comment text with padding and truncation to length 384, while token-type IDs are removed. Training uses soft toxicity targets, sample weights, and identity values. Its criterion combines weighted binary cross-entropy with sampled pairwise softplus ranking losses for overall and identity-related subgroup/background comparisons, aggregating bias components with temperature-scaled log-sum-exp. AdamW uses 3e-5 learning rate and selective weight decay; AMP, gradient accumulation, unscaled norm-1 clipping, and shuffled batches are supported. Evaluation and test prediction use batched inference and sigmoid logits; checkpoints include weights, configuration, tokenizer, activation, sequence length, and identity columns.","[""SOURCE:29-39"", ""SOURCE:124-140"", ""SOURCE:143-179"", ""SOURCE:221-234"", ""SOURCE:241-260"", ""SOURCE:271-309"", ""SOURCE:382-395"", ""SOURCE:398-555"", ""SOURCE:588-595"", ""SOURCE:606-611"", ""SOURCE:617-696"", ""SOURCE:698-707"", ""SOURCE:711-720"", ""SOURCE:723-762"", ""SOURCE:773-815"", ""SOURCE:826-895""]","[""/Users/william/nautilus/results/20260911_072611_jubias-anaf-s56/logs/journal.json#nodes[8]""]",
jigsaw-unintended-bias-in-toxicity-classification,s54_s56,20260911_072611_jubias-anaf-s56,87d731b9e7dc4f29b23790dad6bb7177,F,S56,draft,caefe12bf5a2501d4f96f2912770e1a9be623fabcd75eeae453f7261a5daee4f,True,ok,Gated ModernBERT Toxicity Prediction,"Comments are normalized, with URLs and emails replaced by markers; long text is truncated by retaining head and tail segments. Seventeen robustly scaled structural features capture length, lexical diversity, capitalization, punctuation, digits, quotations, URLs/emails, pronouns, negation, and training-duplicate signals. A ModernBERT-large encoder supplies a first-token representation. An MLP embeds numeric features, whose sigmoid-gated contribution is added before a two-logit prediction head for binary toxicity and a continuous target. Training combines their BCE losses with weights 0.78 and 0.22, and applies identity-by-label group DRO using EMA group losses and softmax weights over active groups. Shuffled batches of 12 are optimized with AdamW, separate backbone/head learning rates, 100-step linear warmup, CUDA mixed precision, gradient scaling, and global gradient-norm clipping to 1.0. A scheduler and session controller advance each batch; training may stop early. Inference blends the sigmoid outputs with the same weights and clips probabilities.","[""SOURCE:118-218"", ""SOURCE:223-311"", ""SOURCE:338-386"", ""SOURCE:389-429"", ""SOURCE:432-539"", ""SOURCE:541-559"", ""SOURCE:562-627"", ""SOURCE:727-751"", ""SOURCE:753-760""]","[""/Users/william/nautilus/results/20260911_072611_jubias-anaf-s56/logs/journal.json#nodes[9]""]",
jigsaw-unintended-bias-in-toxicity-classification,s54_s56,20260911_072611_jubias-anaf-s56,b1738447ec61460dbe32f74c6978e42b,F,S56,improve,e97a43af8b4f6aeb75e5753cc8d9eb3cc50ed7ff672c30987928ca1c88071799,True,ok,ModernBERT Toxicity Classification with Endpoint Ranking,"Comments are NFKC-normalized, HTML-unescaped, stripped of tags and control characters, with URLs and mentions replaced by tokens and whitespace collapsed. Auxiliary standardized text statistics are constructed, while the shown classifier uses cleaned text. A ModernBERT-large sequence classifier outputs one toxicity logit; sigmoid produces probabilities. Soft toxicity targets are trained with BCE-with-logits, with binary labels thresholded at 0.5 for sampling and ranking. Training can combine BCE with pairwise softplus ranking loss using queues of detached logits for identity subgroups and subgroup/background endpoints. A replacement weighted sampler uses inverse binary-class frequencies. AdamW applies 1.5e-5 learning rate and 0.01 weight decay excluding bias and normalization parameters. CUDA mixed precision, four epochs, batch size eight, four-step accumulation, gradient clipping at 1.0, and queued ranking updates are used. Inference tokenizes to length 256, pads longest batches to multiples of eight, and applies sigmoid to batched logits.","[""SOURCE:65-205"", ""SOURCE:208-211"", ""SOURCE:274-290"", ""SOURCE:293-566"", ""SOURCE:568-597"", ""SOURCE:649-699"", ""SOURCE:702-773"", ""SOURCE:778-888"", ""SOURCE:899-945""]","[""/Users/william/nautilus/results/20260911_072611_jubias-anaf-s56/logs/journal.json#nodes[7]""]",
jigsaw-unintended-bias-in-toxicity-classification,s54_s56,20260911_072611_jubias-anaf-s56,c339eab198804574a1c5a2eef075a384,F,S56,debug,f68d6b1c002fa90c0e2e5062d8b6f19119f1d08abde4775fff9f8f5fe3aad7b1,False,ok,Identity-Aware DeBERTa Toxicity Ranking,"Comments are Unicode- and HTML-normalized, with tags and control characters removed, URLs and emails replaced, and whitespace collapsed. An identity-masked text view and standardized style features are created, but training uses normalized text rather than these auxiliary inputs. A pretrained DeBERTa-v3-large encoder processes sequences truncated to 256 tokens. Mean pooling over non-padding tokens feeds a linear normalization, GELU, dropout, and output heads for toxicity and six subtypes. The objective combines identity-weighted toxicity BCE, masked BCE for present subtype labels, and softplus pairwise ranking losses between subgroup/background toxic and benign examples. Batches are shuffled, with every fourth eligible batch stratified across four identity/toxicity groups. AdamW uses separate encoder/head learning rates, selective weight decay, mixed precision, gradient accumulation, clipping at 1.0, and scaler-controlled updates. Inference applies sigmoid toxicity prediction and clips outputs to [0,1]. Checkpoints retain model weights, tokenizer, scaler, length, feature metadata, and prediction semantics.","[""SOURCE:160-258"", ""SOURCE:382-435"", ""SOURCE:438-558"", ""SOURCE:561-622"", ""SOURCE:625-697"", ""SOURCE:707-746"", ""SOURCE:752-760"", ""SOURCE:763-828"", ""SOURCE:837-951"", ""SOURCE:968-1027""]","[""/Users/william/nautilus/results/20260911_072611_jubias-anaf-s56/logs/journal.json#nodes[6]""]",
jigsaw-unintended-bias-in-toxicity-classification,s54_s56,20260911_072611_jubias-anaf-s56,c87f0ec8e98d4e0abafdbd26384cb20c,F,S56,improve,1a40a3b9459479757bf5d24f488f17db3a0a554656950498f7224b504a7d5222,True,ok,ModernBERT toxicity ranking classifier,"The solution fine-tunes a ModernBERT-large sequence classifier with one regression logit for comment toxicity. Text is NFKC-normalized, HTML-unescaped, stripped of tags/control characters, and has URLs and user mentions replaced with tokens; inputs are tokenized to 256 tokens. It computes textual statistics and regex identity-mention features, standardizing continuous statistics from training data, but the model dataset supplies only cleaned text. Soft toxicity targets are retained, while targets at least 0.5 define binary labels and available identity annotations define masks. Training uses class-balanced sampling with replacement. The loss equally combines BCE-with-logits on soft targets and pairwise softplus ranking losses for overall, within-subgroup, background-positive/subgroup-negative, and subgroup-positive/background-negative binary pairs. AdamW uses 1.5e-5 learning rate, selective 0.01 weight decay, mixed precision, four-step gradient accumulation, and norm clipping at 1.0 for up to four epochs. Inference returns sigmoid probabilities from batched model logits.","[""SOURCE:92-204"", ""SOURCE:272-288"", ""SOURCE:291-395"", ""SOURCE:450-500"", ""SOURCE:577-705""]","[""/Users/william/nautilus/results/20260911_072611_jubias-anaf-s56/logs/journal.json#nodes[3]""]",
jigsaw-unintended-bias-in-toxicity-classification,s54_s56,20260911_072611_jubias-anaf-s56,f61ccbee0ba3463c96e5ff775cc0df54,F,S56,improve,b665dfc3489afb1915426b9218d4458c61d139cdcb5c6ff0982906593b1da6ee,True,ok,Selective ModernBERT Toxicity Ranking Classifier,"The solution preprocesses comment text with Unicode normalization, control/HTML removal, and URL/email markers, and derives structural text features. It uses toxicity targets, fairness weights, and identity annotations; benign identity examples are upweighted and selected identity mentions can be counterfactually swapped, with counterfactual identity values set to NaN. A ModernBERT-large classifier outputs one toxicity logit. All parameters are frozen except the classification head, final encoder block, and final normalization. Training optimizes weighted soft-label binary cross-entropy plus sampled pairwise logistic ranking losses for overall, subgroup, BPSN, and BNSP comparisons; bias components are combined by temperature-scaled log-sum-exp. Batches are shuffled, tokenized with truncation and padding, and omit token-type IDs. AdamW uses separate head/backbone learning rates and excludes bias and normalization parameters from weight decay. CUDA AMP, gradient accumulation, scaling, unscaling, and norm clipping are used. Batched inference applies sigmoid; checkpoints save model, tokenizer, configuration, sequence length, identity columns, and prediction activation.","[""SOURCE:29-39"", ""SOURCE:124-234"", ""SOURCE:241-309"", ""SOURCE:382-417"", ""SOURCE:420-577"", ""SOURCE:579-647"", ""SOURCE:672-693"", ""SOURCE:699-778"", ""SOURCE:793-844"", ""SOURCE:855-906"", ""SOURCE:914-975""]","[""/Users/william/nautilus/results/20260911_072611_jubias-anaf-s56/logs/journal.json#nodes[11]""]",
jigsaw-unintended-bias-in-toxicity-classification,s54_s56,20260911_072808_jubias-anaf-s54,27273be331554e12823618bb6de1d9e1,F,S54,improve,4020ba115d682b06690b03a09dff88d87486270de175d177cff845be102b09e1,True,ok,Bias-Aware ModernBERT Toxicity Ranker,"Text is NFKC-normalized, with URLs, emails, IP addresses, and user mentions replaced by special tokens. Missing comments are converted to empty strings. Identity membership masks and identity-by-target cells are derived for reweighting and ranking. A pretrained ModernBERT-large classifier, resized for the added tokens, maps tokenized text (maximum 256 tokens) to one toxicity logit. Training combines dynamically reweighted BCE with pairwise softplus ranking losses for overall, within-identity, and cross-group positive/negative comparisons. Cell-level point-loss EMAs determine clipped sample weights. The backbone can be frozen for head warm-up and then unfrozen. AdamW uses separate backbone and head learning-rate/decay groups, with shuffled batches, mixed precision, gradient scaling, accumulation, and global-norm clipping. Checkpoints retain model, criterion, tokenizer, encoder configuration, preprocessing state, and sequence settings. Evaluation and inference return sigmoid toxicity probabilities.","[""SOURCE:63-107"", ""SOURCE:127-221"", ""SOURCE:264-303"", ""SOURCE:306-414"", ""SOURCE:417-505"", ""SOURCE:508-559"", ""SOURCE:592-655"", ""SOURCE:658-700"", ""SOURCE:732-740"", ""SOURCE:743-807"", ""SOURCE:809-901""]","[""/Users/william/nautilus/results/20260911_072808_jubias-anaf-s54/logs/journal.json#nodes[6]""]",
jigsaw-unintended-bias-in-toxicity-classification,s54_s56,20260911_072808_jubias-anaf-s54,2c4d00adb9a84881836a4080483981dc,F,S54,draft,02efedb8cb2ff93ed7fad3bd47eff685d98d7babea0912d6709f4ea81ae781a5,False,ok,Counterfactual-consistent DeBERTa toxicity classifier,"The solution fine-tunes a two-class DeBERTa-v3-large classifier for continuous toxicity targets, using the difference between toxic and non-toxic logits and a sigmoid probability. It cleans comment text by normalizing Unicode, removing HTML, replacing URLs/emails, limiting repeated characters, and truncating tokenized inputs to 256 tokens. Identity and toxicity metadata are retained; training identities are thresholded at 0.5. Although standardized handcrafted text features are computed and saved, model inputs are text only. Embeddings and all but the last four encoder layers are frozen. The loss is binary cross-entropy plus, for benign examples containing official identity labels, a weighted squared difference between predictions for original and identity-neutralized text. Training shuffles examples for up to three epochs with AdamW, separate encoder-tail/head learning rates, selective weight decay, mixed precision when CUDA is available, gradient accumulation, norm clipping, and session-controlled early stopping. Inference batches text, applies sigmoid toxicity probabilities, and supports checkpoint save/load.","[""SOURCE:19-33"", ""SOURCE:103-124"", ""SOURCE:127-246"", ""SOURCE:252-328"", ""SOURCE:330-384"", ""SOURCE:390-487"", ""SOURCE:497-574"", ""SOURCE:576-682""]","[""/Users/william/nautilus/results/20260911_072808_jubias-anaf-s54/logs/journal.json#nodes[2]""]",
jigsaw-unintended-bias-in-toxicity-classification,s54_s56,20260911_072808_jubias-anaf-s54,4f9e22479e1049839e36dbc3249ca6df,F,S54,draft,73bdbbe4dbefd240f3dba67547c46262ffb48954b1fec5185bbc6a231add1084,True,ok,Bias-Aware ModernBERT Toxicity Classifier,"Text is cleaned by replacing URLs and emails, removing HTML/control characters, limiting repeated characters, and extracting standardized numeric features. A pretrained ModernBERT encodes padded, truncated comments; masked mean-pooled embeddings are fused with numeric-feature representations for toxicity, subtype, and identity prediction. The identity branch uses gradient reversal. Training combines toxicity BCE, masked subtype BCE, benign-example identity BCE, and sampled pairwise ranking losses for subgroup, BPSN, and BNSP slices, with temperature-controlled log-sum-exp group aggregation. Each epoch visits all examples and adds 20% replacement samples from identity-labelled comments. AdamW uses encoder-specific lower learning rates and differential weight decay, CUDA mixed precision, gradient scaling, and gradient clipping. Inference evaluates selected positions without gradients, applies sigmoid to toxicity logits, and restores model state. Checkpoints retain weights, tokenizer, configuration, and preprocessing artifacts.","[""SOURCE:147-278"", ""SOURCE:281-391"", ""SOURCE:394-599"", ""SOURCE:601-681"", ""SOURCE:720-760"", ""SOURCE:763-812"", ""SOURCE:815-843"", ""SOURCE:857-892"", ""SOURCE:903-979"", ""SOURCE:994-1046""]","[""/Users/william/nautilus/results/20260911_072808_jubias-anaf-s54/logs/journal.json#nodes[4]""]",
jigsaw-unintended-bias-in-toxicity-classification,s54_s56,20260911_072808_jubias-anaf-s54,c3b3d05c52184e07b57a7f17dabf0f9f,F,S54,debug,80caf286294f9184f671e1f6e4f4293fc95ca5729670c75d63f7be708652deb9,True,ok,Counterfactual Identity-Neutralized Toxicity Classifier,"The solution fine-tunes a two-logit DeBERTa-v3-base classifier for continuous toxicity targets. It cleans comments by normalizing Unicode, removing HTML, replacing URLs/emails, compressing repeated characters, and standardizing whitespace. It also derives standardized text-count and ratio features, but the shown model input uses only tokenized cleaned text. Embeddings and all but the final four encoder layers are frozen. Training uses binary cross-entropy on the difference between toxic and non-toxic logits. For benign examples with annotated official identity membership, it creates a second input by replacing identity terms with an identity placeholder and adds a 0.35-weighted squared difference between original and neutralized toxicity probabilities. AdamW uses layer-specific learning rates, decoupled weight decay excluding bias/normalization parameters, mixed precision where available, gradient accumulation, and norm clipping. Inference tokenizes cleaned comments to 128 tokens and returns sigmoid logit-difference probabilities.","[""SOURCE:103-124"", ""SOURCE:127-245"", ""SOURCE:256-334"", ""SOURCE:336-390"", ""SOURCE:399-479"", ""SOURCE:504-544"", ""SOURCE:589-678""]","[""/Users/william/nautilus/results/20260911_072808_jubias-anaf-s54/logs/journal.json#nodes[5]""]",
jigsaw-unintended-bias-in-toxicity-classification,s54_s56,20260911_072808_jubias-anaf-s54,d24983a23a084bf6a3ac6ce46221a033,F,S54,draft,8ca74cd8ea848c76c91962f4f3275e25b694b0cfe570ac14bc92cfbb9ef22352,True,ok,Bias-Aware ModernBERT Toxicity Ranker,"Comments are Unicode-normalized and URLs, emails, IP addresses, and user mentions are replaced by special tokens. Standardized text statistics and identity/target masks are derived, while the shown neural classifier uses tokenized text. A pretrained ModernBERT sequence classifier extended with the replacement tokens outputs a toxicity margin, computed as the positive-minus-negative logit when two logits are present. Binary cross-entropy is weighted dynamically using exponential moving averages of loss in 18 identity-by-label cells, formed from nine identities and positive or non-positive targets. Weights use relative cell risk raised to 1.5 and are clipped to 0.35–3.0. AdamW applies separate encoder and head learning rates and decay groups. Training uses shuffled batches for up to three epochs, four-step gradient accumulation, CUDA AMP when available, gradient clipping, epoch loss aggregation, validation tracking, and an epoch-level stop flag. Inference truncates inputs to 256 tokens and applies a sigmoid to the margin.","[""SOURCE:37-71"", ""SOURCE:121-215"", ""SOURCE:258-297"", ""SOURCE:300-408"", ""SOURCE:438-449"", ""SOURCE:480-507"", ""SOURCE:693-744"", ""SOURCE:746-757""]","[""/Users/william/nautilus/results/20260911_072808_jubias-anaf-s54/logs/journal.json#nodes[1]""]",
jigsaw-unintended-bias-in-toxicity-classification,s54_s56,20260911_072808_jubias-anaf-s54,e66f9b9274ab4e84bf08da798b9ec519,F,S54,improve,777c3eb85e661bf1441f0d3552b01abc92ba694dcc459c44c87e22ed66f50bc8,True,ok,Bias-Aware ModernBERT Toxicity Classifier,"The solution preprocesses comments by normalizing text, replacing URLs and emails, removing markup/control characters, limiting repeated characters, and deriving 13 standardized text-statistic, identity-lexicon, and training-frequency features. A pretrained ModernBERT encoder mean-pools masked token embeddings and combines them with an MLP encoding numeric features to predict toxicity and six subtypes. An adversarial identity head uses gradient reversal on the shared representation. Training uses BCE for toxicity, masked subtype and benign-example identity losses, plus sampled subgroup, BPSN, and BNSP pairwise ranking losses across nine identities with robust temperature-smoothed aggregation. Each epoch covers all examples and adds 20% replacement samples from identity-present cases. Initially only heads train; later the final four encoder blocks are unfrozen. AdamW uses separate encoder learning rates, selective weight decay, AMP, and gradient clipping. Inference sigmoid-transforms the toxicity logit.","[""SOURCE:148-279"", ""SOURCE:282-392"", ""SOURCE:395-586"", ""SOURCE:621-680"", ""SOURCE:706-730"", ""SOURCE:736-812"", ""SOURCE:815-895"", ""SOURCE:909-944"", ""SOURCE:955-1032"", ""SOURCE:1041-1133""]","[""/Users/william/nautilus/results/20260911_072808_jubias-anaf-s54/logs/journal.json#nodes[7]""]",
jigsaw-unintended-bias-in-toxicity-classification,s54_s56,20260911_072808_jubias-anaf-s54,f7be07d55a034294be26d91924965997,F,S54,improve,96fd2e0d49228bb72c6d6eb796aa46506531e34b9994d3495de489b6f931a5c7,True,ok,Bias-Aware ModernBERT Toxicity Ranker,"Comment text is normalized with NFKC and HTML unescaping; URLs, emails, IP addresses and usernames are replaced with placeholders, then whitespace is collapsed. A pretrained ModernBERT-large classifier, extended with these placeholders, produces a toxicity margin by subtracting the negative-class logit from the positive-class logit. Training uses clipped continuous targets and per-example binary cross-entropy. Identity-by-target masks define 18 cells whose EMA losses determine relative-risk weights, clipped to 0.35–3.0; each sample receives the mean weight of its active cells. Shuffled batches use dynamic padding and 256-token truncation. AdamW applies separate encoder and head learning rates and decay groups; the encoder is frozen initially and unfrozen after a configured number of optimizer updates. CUDA mixed precision, four-step gradient accumulation, unscaled global gradient clipping at 1.0, and scaler-based updates are used. A controller may stop training early. Inference applies sigmoid to the margin.","[""SOURCE:65-102"", ""SOURCE:122-152"", ""SOURCE:259-298"", ""SOURCE:301-409"", ""SOURCE:439-460"", ""SOURCE:491-545"", ""SOURCE:548-590"", ""SOURCE:698-744"", ""SOURCE:745-777""]","[""/Users/william/nautilus/results/20260911_072808_jubias-anaf-s54/logs/journal.json#nodes[3]""]",
jigsaw-unintended-bias-in-toxicity-classification,s58_s59,20260912_081346_jubias-anaf-gpt56sol-s58,08f224fdc18d4eefad722268e6ff06a6,F,S58,improve,0257b2a7431b35c1aaf35067535df5d407fd7808075f40c04ff23265dca986f2,True,ok,ModernBERT Toxicity Model with Structural Features,"The solution cleans comment text and computes 16 scaled structural features covering length, casing, character ratios, punctuation, URLs, mentions, and repeated punctuation. A pretrained ModernBERT-large encoder, with gradient checkpointing, produces CLS and attention-mask mean-pooled representations; their projection is concatenated with an MLP projection of the structural features to predict one toxicity logit. Labels include soft toxicity, masked subtype and identity annotations, and hard thresholds for identity-based strata. Eligible single-identity comments may undergo constrained identity-term replacement during training. The loss combines optionally weighted soft-target binary cross-entropy with a pairwise logistic ranking loss, including overall and subgroup, BPSN, and BNSP identity comparisons; identity losses are smooth-max aggregated, and ranking has weight 0.20. AdamW uses separate backbone/head learning rates, excluded decay parameters, mixed precision, clipping, accumulation, warm-up, and finite-loss checks. A no-replacement sampler seeks identity/label-stratified batches. Inference tokenizes truncated text, applies sigmoid probabilities, and retries with smaller batches after CUDA memory errors.","[""SOURCE:272-277"", ""SOURCE:289-383"", ""SOURCE:396-472"", ""SOURCE:502-593"", ""SOURCE:634-645"", ""SOURCE:647-758"", ""SOURCE:759-778"", ""SOURCE:781-1023"", ""SOURCE:1026-1131"", ""SOURCE:1145-1344"", ""SOURCE:1347-1471"", ""SOURCE:1472-1534"", ""SOURCE:1549-1597"", ""SOURCE:1605-1728"", ""SOURCE:1736-1849"", ""SOURCE:1863-1983""]","[""/Users/william/nautilus/results/20260912_081346_jubias-anaf-gpt56sol-s58/logs/journal.json#nodes[3]""]",
jigsaw-unintended-bias-in-toxicity-classification,s58_s59,20260912_081346_jubias-anaf-gpt56sol-s58,0df2f52f22af47e7a365f3f663a0418b,F,S58,draft,d4865ed10db645246b831fd0a720074f7eb7b63c50fbd70df7ef486587f6df4c,True,ok,Dual-view sparse toxicity classifier,"The solution cleans comment text and creates a debiased view by replacing matched identity terms with category placeholders. It builds hashed binary word unigram/bigram features for both views, clean-text character 3–5-grams, and training-standardized numeric style features. Sparse fields are encoded by embedding-bag latent and wide paths. Debiased word and numeric features form a base representation, character features add context, and a gated bounded residual from original words is fused for the full prediction. Heads produce toxicity, subtype and identity outputs; identity prediction uses gradient reversal on contextual features. Training uses weighted BCE for full and debiased toxicity, masked weighted subtype and identity losses, consistency for non-toxic identity examples, and ranking losses overall and for subgroup, BPSN and BNSP slices. Sparse parameters use Adagrad and remaining parameters AdamW; dense gradients are clipped. Shuffled batches run up to three epochs. Inference returns sigmoid full-toxicity probabilities.","[""SOURCE:28-81"", ""SOURCE:220-344"", ""SOURCE:379-476"", ""SOURCE:485-579"", ""SOURCE:748-769"", ""SOURCE:772-799"", ""SOURCE:802-1007"", ""SOURCE:1013-1334"", ""SOURCE:1459-1464"", ""SOURCE:1489-1559"", ""SOURCE:1575-1679"", ""SOURCE:1763-1886""]","[""/Users/william/nautilus/results/20260912_081346_jubias-anaf-gpt56sol-s58/logs/journal.json#nodes[2]""]",
jigsaw-unintended-bias-in-toxicity-classification,s58_s59,20260912_081346_jubias-anaf-gpt56sol-s58,140590596b1e46ad8c81d8a2f031c729,F,S58,improve,415692d90673edb27d7a5eca6d0a69d7d7538d9156c5531a05e8743e3a90dfcb,True,ok,Fairness-Aware Sparse Toxicity Classifier,"The system normalizes comments by replacing URLs, emails, mentions and identity terms, then builds hashed word 1–2-gram, character 3–5-gram and standardized style features. Weighted EmbeddingBag components encode sparse inputs; debiased-word and numeric features provide a base representation, character features add context, and original-word features are incorporated through a sigmoid gate with a bounded residual. It predicts toxicity and optional subtype outputs, with a gradient-reversal identity classifier to encourage identity-invariant context. Training combines weighted toxicity BCE, masked auxiliary BCE, non-toxic identity consistency and hard pairwise ranking losses for overall and identity slices. Slice-loss EMAs update robust weights using multiplicative updates and capped-simplex projection. Replay reservoirs supply examples missing from ranking slices. Sparse parameters use Adagrad and dense parameters AdamW; dense gradients are clipped and non-finite-loss batches skipped. Inference applies sigmoid to toxicity logits.","[""SOURCE:28-81"", ""SOURCE:220-376"", ""SOURCE:485-592"", ""SOURCE:623-717"", ""SOURCE:801-842"", ""SOURCE:849-1145"", ""SOURCE:1151-1464"", ""SOURCE:1648-1892"", ""SOURCE:2061-2144"", ""SOURCE:2199-2363"", ""SOURCE:2566-2679"", ""SOURCE:2735-2807"", ""SOURCE:2813-2875"", ""SOURCE:2885-2963"", ""SOURCE:2979-3155""]","[""/Users/william/nautilus/results/20260912_081346_jubias-anaf-gpt56sol-s58/logs/journal.json#nodes[8]""]",
jigsaw-unintended-bias-in-toxicity-classification,s58_s59,20260912_081346_jubias-anaf-gpt56sol-s58,2ec46fc8a2c54bb299b7675473421c4d,F,S58,improve,2fd40b2c7a899f1e91b3641b168cf6c3a29ff385b3ebe5d120583473182cc519,True,ok,Dual-View Sparse Debiased Toxicity Classifier,"Comments are normalized by decoding HTML/Unicode, masking URLs, emails and mentions, removing tags/control characters and canonicalizing simple obfuscation. The pipeline builds clean and identity-masked text, then concatenates hashed word unigram/bigram features from both views, clean character 3–5-grams, and standardized style features. A sparse neural model encodes word and character fields with weighted EmbeddingBag latent and wide-logit components. Debiased words and numeric features form a base state; characters add context, while original words contribute through a sigmoid gate and bounded residual. It predicts toxicity and subtypes, with an identity adversary connected through gradient reversal. The loss combines weighted toxicity BCE, masked weighted subtype and identity BCE, consistency between full and debiased predictions for non-toxic identity examples, and hard ranking losses for overall and identity-derived slices. Replay reservoirs add missing slice sides to training batches. Sparse parameters use Adagrad and dense parameters AdamW; dense gradients are clipped. Inference returns sigmoid-transformed full toxicity logits.","[""SOURCE:28-81"", ""SOURCE:220-376"", ""SOURCE:623-717"", ""SOURCE:802-842"", ""SOURCE:910-1145"", ""SOURCE:1450-1492"", ""SOURCE:1651-1721"", ""SOURCE:2167-2269"", ""SOURCE:2353-2483""]","[""/Users/william/nautilus/results/20260912_081346_jubias-anaf-gpt56sol-s58/logs/journal.json#nodes[5]""]",
jigsaw-unintended-bias-in-toxicity-classification,s58_s59,20260912_081346_jubias-anaf-gpt56sol-s58,2ed3177eb28a4f97a2d643d3d0434e4e,F,S58,improve,61850ee6b191d8191fdb187cc53c6f2dfea6b05051c4d783fdfa1c08ab8057c3,True,ok,Adversarial ModernBERT Toxicity Classifier,"The solution normalizes comment text and derives 16 standardized structural features. It uses masked soft toxicity, subtype, and identity labels, thresholds hard labels at 0.5, and identifies eligible identity-term replacements. A ModernBERT-large encoder combines CLS and masked-mean token embeddings, projects semantic and structural features, and produces a toxicity logit. A gradient-reversal head predicts nine identity labels from semantic features, with masked BCE weighted toward benign comments. The objective combines soft-target BCE with sampled pairwise logistic ranking losses for overall, subgroup, BPSN, and BNSP slices, using a smooth maximum across identity families. Training can replace identity terms, uses identity-stratified batches, AdamW groups, mixed precision, accumulation, clipping, warm-up scheduling, and a step-ramped adversarial coefficient. Inference applies sigmoid and retries smaller CUDA batches after memory errors. Checkpoints include model, tokenizer, scaler, and settings.","[""SOURCE:227-280"", ""SOURCE:292-390"", ""SOURCE:399-475"", ""SOURCE:505-605"", ""SOURCE:637-756"", ""SOURCE:761-908"", ""SOURCE:927-1169"", ""SOURCE:1172-1284"", ""SOURCE:1313-1441"", ""SOURCE:1452-1516"", ""SOURCE:1519-1706"", ""SOURCE:1757-1769"", ""SOURCE:1777-1900"", ""SOURCE:1908-2017"", ""SOURCE:2060-2183"", ""SOURCE:2197-2222"", ""SOURCE:2224-2252""]","[""/Users/william/nautilus/results/20260912_081346_jubias-anaf-gpt56sol-s58/logs/journal.json#nodes[11]""]",
jigsaw-unintended-bias-in-toxicity-classification,s58_s59,20260912_081346_jubias-anaf-gpt56sol-s58,735b5c3a245343a998e77b48f8865873,F,S58,debug,3610d3255c3e668c56a603dfaa49b14b2e46d3c050559c95ba9706e4590c7151,True,ok,Counterfactual Chunked DeBERTa Toxicity Classifier,"The solution normalizes comments, computes standardized numeric text and lexicon features, and builds soft toxicity, auxiliary subtype, and masked identity targets with toxicity/identity-aware sample weights. It augments selected identity-labelled comments through deterministic identity-term counterfactual swaps, reducing their weights. A pretrained DeBERTa-v3-large encoder processes 256-token chunks; chunk representations combine CLS and masked learned-attention pooling, then chunk attention aggregates them. Numeric features pass through an MLP and are fused with text features. General toxicity logits are dropout-averaged; subtype and identity heads are jointly trained, and subtype mechanism weights can combine subtype probabilities with the general prediction. The objective includes weighted main BCE, masked auxiliary losses, identity-slice balanced losses, score-gap penalties, and mechanism regularization. AdamW uses separate backbone/head rates, warmup-cosine scheduling, mixed precision, accumulation, clipping, checkpointing, and early stopping. Inference outputs clipped sigmoid probabilities.","[""SOURCE:100-136"", ""SOURCE:142-214"", ""SOURCE:220-402"", ""SOURCE:790-1015"", ""SOURCE:1018-1275"", ""SOURCE:1278-1419"", ""SOURCE:1501-1570"", ""SOURCE:1585-1753"", ""SOURCE:1864-1997"", ""SOURCE:2271-2434""]","[""/Users/william/nautilus/results/20260912_081346_jubias-anaf-gpt56sol-s58/logs/journal.json#nodes[10]""]",
jigsaw-unintended-bias-in-toxicity-classification,s58_s59,20260912_081346_jubias-anaf-gpt56sol-s58,7866876775824ec19f6f9b9d47ecdfdd,F,S58,improve,19eab46666295e1d9ced89916c221509d7842676481f4a2effb4d60fb3f77ead,True,ok,Identity-Aware ModernBERT Toxicity Classifier,"A ModernBERT-large toxicity classifier combines CLS and masked mean token embeddings with standardized structural text features. Comments are conservatively cleaned; 16 features capture length, casing, character types, punctuation, URLs, emails, mentions, and repeated punctuation. Soft toxicity, subtype, and identity labels use missing-label masks, while thresholds define identity metric strata. The scalar logit is trained with weighted soft-target BCE and identity-sliced pairwise logistic ranking losses, including sampled within-batch pairs and detached per-identity historical-logit buffers. Slice losses cover subgroup, background-positive/subgroup-negative, and subgroup-positive/background-negative cases, with smooth-max identity aggregation. Eligible uniquely identified comments may receive identity-term substitutions while retaining toxicity targets and updating batch-local strata. A stratified sampler seeds batches from metric slices. AdamW uses distinct backbone/head rates, no decay for bias or normalization parameters, warmup, mixed precision, gradient accumulation and clipping. Inference applies sigmoid probabilities, with reduced batch-size retry after CUDA memory errors.","[""SOURCE:198-210"", ""SOURCE:274-385"", ""SOURCE:398-474"", ""SOURCE:504-595"", ""SOURCE:636-758"", ""SOURCE:760-771"", ""SOURCE:783-810"", ""SOURCE:1051-1189"", ""SOURCE:1191-1409"", ""SOURCE:1410-1436"", ""SOURCE:1466-1482"", ""SOURCE:1489-1571"", ""SOURCE:1600-1785"", ""SOURCE:1788-2018"", ""SOURCE:2026-2038"", ""SOURCE:2046-2169"", ""SOURCE:2187-2228"", ""SOURCE:2231-2290"", ""SOURCE:2304-2509""]","[""/Users/william/nautilus/results/20260912_081346_jubias-anaf-gpt56sol-s58/logs/journal.json#nodes[6]""]",
jigsaw-unintended-bias-in-toxicity-classification,s58_s59,20260912_081346_jubias-anaf-gpt56sol-s58,c03c57a6fc0c44739acab52ac4ed5bf1,F,S58,draft,4a0c94465ed127d647f4bd054e16b62998d9be26866de2a6cae997009af1f20c,True,ok,ModernBERT Toxicity Classifier with Structural Features,"Comments are conservatively cleaned, tokenized to 256 tokens, and augmented with 16 standardized structural features covering length, character ratios, punctuation, URLs, emails, and mentions. ModernBERT-large produces CLS and masked-mean embeddings; their projection is concatenated with an MLP projection of structural features and passed through dropout to a scalar logit. Training uses soft-target BCE, optionally weighted, plus sampled logistic ranking losses over overall, subgroup, and identity-related positive/negative slices, with identity-family losses combined by a smooth maximum. Hard toxicity and scored identity labels are masked when unavailable; identities are objective-only inputs. A sampler periodically seeks identity-stratified batches while covering rows without replacement. AdamW separates backbone/head learning rates, uses warmup, selective weight decay, clipping, AMP, gradient accumulation, and scheduler steps only after applied updates. Inference applies sigmoid and retries with smaller batches after CUDA OOM.","[""SOURCE:194-305"", ""SOURCE:318-394"", ""SOURCE:423-573"", ""SOURCE:576-757"", ""SOURCE:760-837"", ""SOURCE:844-925"", ""SOURCE:954-1015"", ""SOURCE:1018-1248"", ""SOURCE:1512-1516"", ""SOURCE:1527-1537"", ""SOURCE:1542-1617""]","[""/Users/william/nautilus/results/20260912_081346_jubias-anaf-gpt56sol-s58/logs/journal.json#nodes[1]""]",
jigsaw-unintended-bias-in-toxicity-classification,s58_s59,20260912_081346_jubias-anaf-gpt56sol-s58,ec1b5ed0631b400d8f56edccd85102de,F,S58,improve,9b131e8f0b594862b23a3b44690c0c677c0b4d02084c41b7f311495750dcabe0,False,ok,Chunk-attentive DeBERTa toxicity classifier,"Text is normalized (Unicode, punctuation, markup, URLs, emails and handles) and paired with standardized style, lexical, identity and hostility features. A deterministic split is used. Training weights emphasize toxic and identity-annotated examples, particularly rare identities. Selected identity examples receive hash-selected, case-preserving identity-swap counterfactuals with transformed identity labels and 0.70 weight. Long text retains beginning and end around a middle marker. A pretrained DeBERTa-v3-large encoder, with only its top eight layers trainable, uses first-token plus masked attention pooling, chunk attention, numeric-feature MLP fusion, and dropout-averaged toxicity heads; subtype and identity heads are auxiliary. Final toxicity combines general and subtype non-toxicity through learned nonnegative weights. The loss includes weighted main BCE, masked auxiliary BCE, identity subgroup/background smooth-max terms, identity probability-gap penalties, and mechanism regularization. AdamW, warmup-cosine scheduling, AMP, accumulation, clipping and finite-value checks are used. Inference outputs clipped finite sigmoid probabilities.","[""SOURCE:100-214"", ""SOURCE:220-400"", ""SOURCE:405-536"", ""SOURCE:547-692"", ""SOURCE:790-1015"", ""SOURCE:1018-1275"", ""SOURCE:1278-1419"", ""SOURCE:1496-1570"", ""SOURCE:1585-1753"", ""SOURCE:1759-1858"", ""SOURCE:2007-2035"", ""SOURCE:2275-2537""]","[""/Users/william/nautilus/results/20260912_081346_jubias-anaf-gpt56sol-s58/logs/journal.json#nodes[7]""]",
jigsaw-unintended-bias-in-toxicity-classification,s58_s59,20260912_081346_jubias-anaf-gpt56sol-s58,f06681f7fcb84719972ec7f52fe27eb0,F,S58,draft,c34e98aa9c8d9952b8c426da7d04ddb729e9c7a6f808efa2669c0d9f34fbb472,True,ok,Slice-aware DeBERTa toxicity classifier,"Comments undergo Unicode, HTML, punctuation and placeholder normalization, then standardized numeric feature extraction. Training data is split before fitting transforms. Identity-annotated rows can generate deterministic hash-selected counterfactual identity-word swaps, retaining targets and features but using swapped identity labels and 0.70 weight. A DeBERTa-v3-large encoder with frozen embeddings/lower layers pools CLS and attention-weighted tokens; valid chunks are attention-combined. Projected numeric features are fused with text features. Heads predict toxicity, subtypes and identities; four dropout toxicity passes are averaged, and learned positive subtype weights may combine probabilities. The loss includes weighted toxicity BCE, masked auxiliary BCE, smooth-max balanced subgroup/BPSN/BNSP slice losses, gap penalties and weight regularization. AdamW uses separate backbone/head rates, selective decay, AMP, checkpointing, accumulation, clipping, and warmup-cosine scheduling. Inference applies identical preprocessing, sigmoid outputs and probability clipping.","[""SOURCE:99-135"", ""SOURCE:143-213"", ""SOURCE:322-401"", ""SOURCE:405-535"", ""SOURCE:793-819"", ""SOURCE:843-886"", ""SOURCE:888-1014"", ""SOURCE:1017-1269"", ""SOURCE:1272-1378"", ""SOURCE:1544-1712"", ""SOURCE:1718-1801"", ""SOURCE:1962-2144""]","[""/Users/william/nautilus/results/20260912_081346_jubias-anaf-gpt56sol-s58/logs/journal.json#nodes[4]""]",
jigsaw-unintended-bias-in-toxicity-classification,s58_s59,20260912_081346_jubias-anaf-gpt56sol-s58,ff70154d938b40888c4a52c3c0c620f4,F,S58,draft,f1a6e8034e558a415df5313650359562c17c161fb56d90eeb880a7811a5fb4b2,True,ok,Dual-view latent-rationale toxicity classifier,"The solution normalizes text, replaces entities such as URLs and mentions with special tokens, and derives numeric style, abuse, identity and discourse features. It creates primary text and a quote-masked alternate view, standardizes numeric features on training data, and weights examples for duplicates and annotator counts. A ModernBERT encoder, extended with custom tokens, produces token embeddings. Evidence and relevance heads generate token toxicity scores and masked attention, whose weighted embedding is fused with the first-token representation and numeric-feature tower. Global and bag-level toxicity logits are combined through a learned gate; additional heads predict beta-binomial concentration and subtypes. Training uses weighted beta-binomial and binary losses, bag and subtype losses, subgroup disparity regularization, alternate-view consistency, and gate regularization. AdamW applies layerwise backbone learning-rate decay, warmup/cosine scheduling, AMP, accumulation and clipping. Length-grouped shuffled batches are used. Inference averages primary and changed alternate-view probabilities, then sanitizes and clips outputs.","[""SOURCE:118-147"", ""SOURCE:276-326"", ""SOURCE:329-498"", ""SOURCE:506-616"", ""SOURCE:688-748"", ""SOURCE:768-958"", ""SOURCE:961-1247"", ""SOURCE:1250-1342"", ""SOURCE:1366-1466"", ""SOURCE:1467-1496"", ""SOURCE:1499-1573"", ""SOURCE:1669-1684"", ""SOURCE:1687-1760"", ""SOURCE:1768-1795"", ""SOURCE:1798-1911"", ""SOURCE:2035-2205"", ""SOURCE:2223-2225""]","[""/Users/william/nautilus/results/20260912_081346_jubias-anaf-gpt56sol-s58/logs/journal.json#nodes[9]""]",
jigsaw-unintended-bias-in-toxicity-classification,s58_s59,20260912_082030_jubias-base-gpt56sol-s59,05223756ad9244d8b073c489bdf44033,A,S59,improve,2fc2c8aba91af024c4e6c3c95d73fd68c33e1df5ba3cd424642de11ebe89aa34,True,ok,Dual-View Bias-Aware ModernBERT Toxicity Classifier,"The solution predicts toxicity probabilities from paired original and identity-masked comments plus standardized numeric text features. Comments are normalized for markup, whitespace, URLs, emails, mentions and controls; a fixed identity lexicon is replaced with an identity token in the masked view. It derives 22 stylistic features, fits scaling only on training data, uses clipped soft toxicity labels, and constructs subtype, identity and counterfactual metadata. A partially fine-tuned ModernBERT-large encodes both 256-token views; first-token and masked-mean pooling are combined. A GELU numeric encoder and gated dual-view fusion produce toxicity, subtype and gradient-reversed identity predictions. Training uses weighted toxicity BCE, branch BCE, masked auxiliary BCE, adversarial identity BCE, view consistency, pairwise ranking, and worst-group ranking losses. AdamW applies separate backbone/head settings, AMP, gradient accumulation, norm clipping, warmup-cosine scheduling, and partial-window correction. Inference tokenizes paired views, applies sigmoid to main logits, and clips outputs to [0,1].","[""SOURCE:161-192"", ""SOURCE:202-374"", ""SOURCE:377-532"", ""SOURCE:539-601"", ""SOURCE:645-689"", ""SOURCE:693-750"", ""SOURCE:759-828"", ""SOURCE:846-918"", ""SOURCE:931-1047"", ""SOURCE:1053-1340"", ""SOURCE:1352-1482"", ""SOURCE:1496-1517"", ""SOURCE:1523-1646"", ""SOURCE:1691-1742"", ""SOURCE:1748-1785"", ""SOURCE:1796-1898"", ""SOURCE:1927-2019"", ""SOURCE:2222-2257"", ""SOURCE:2265-2389""]","[""/Users/william/nautilus/results/20260912_082030_jubias-base-gpt56sol-s59/logs/journal.json#nodes[3]""]",
jigsaw-unintended-bias-in-toxicity-classification,s58_s59,20260912_082030_jubias-base-gpt56sol-s59,0d832f2fdb734b12943cfa9b53091a34,A,S59,draft,c156baf6d7944d53c30004dd3915fc94d65403d80e110996b2a14cc0d0b2ade7,False,ok,Sparse Wide-Deep Toxicity Predictor,"Comment text is normalized by replacing URLs, emails, IP addresses and usernames, then represented with hashed word 1–2-grams, character 3–5-grams, and standardized dense style, lexical, identity and context features. CSR features are converted to embedding-bag indices, values and offsets. A wide sparse logit and normalized, dropout-regularized deep pooled embeddings are combined with an optional dense tower and shared GELU layers. Heads predict toxicity, subtypes and identities; a gradient-reversed adversarial identity head uses toxicity features and the wide logit. Training uses fractional toxicity labels, cell-balanced and uncertainty-aware sample weights, and batches augmented from identity-by-binary-toxicity cells. Losses include weighted toxicity BCE, masked auxiliary BCEs, adversarial BCE, representation decorrelation, and subgroup/BPSN/BNSP ranking losses with soft worst-group aggregation. Embeddings use Adagrad; remaining parameters use AdamW, warmup-cosine schedules, adversarial ramping and gradient clipping. Inference sigmoids and clips toxicity probabilities.","[""SOURCE:108-110"", ""SOURCE:196-242"", ""SOURCE:250-376"", ""SOURCE:407-484"", ""SOURCE:490-605"", ""SOURCE:672-762"", ""SOURCE:768-987"", ""SOURCE:990-1302"", ""SOURCE:1305-1431"", ""SOURCE:1489-1514"", ""SOURCE:1525-1582"", ""SOURCE:1585-1672"", ""SOURCE:1675-1759"", ""SOURCE:1768-1859"", ""SOURCE:2072-2176""]","[""/Users/william/nautilus/results/20260912_082030_jubias-base-gpt56sol-s59/logs/journal.json#nodes[2]""]",
jigsaw-unintended-bias-in-toxicity-classification,s58_s59,20260912_082030_jubias-base-gpt56sol-s59,116b0e9cfa134264a847952baeac2d81,A,S59,improve,2df019830fdb8d20f9e2eaeae9723fd4256c951083a860be62f499b45225fbbc,True,ok,Bias-Aware ModernBERT Toxicity Classifier,"The system cleans toxicity comments, tokenizes them with ModernBERT-large, and derives standardized numeric text and lexicon features. Identity spans detected from token offsets are removed in a neutral pooling mask. A partially fine-tuned ModernBERT encodes tokens once; original and neutral pooled views are gated, fused with an MLP representation of numeric features, and projected to toxicity logits. Auxiliary heads predict toxicity subtypes and identities, with gradient reversal for identity-adversarial training. Identity-conditioned batches balance toxic/non-toxic subgroup and background examples. Training uses weighted soft-label BCE, view consistency, ranking surrogates, and smooth worst-group losses. Only the final backbone layers and normalization are trainable. AdamW uses separate backbone and head learning rates, warmup followed by cosine decay, mixed precision, gradient accumulation, and gradient clipping. Inference applies sigmoid and clips toxicity probabilities.","[""SOURCE:128-193"", ""SOURCE:203-529"", ""SOURCE:539-590"", ""SOURCE:648-664"", ""SOURCE:670-690"", ""SOURCE:694-748"", ""SOURCE:760-827"", ""SOURCE:847-873"", ""SOURCE:906-1032"", ""SOURCE:1038-1314"", ""SOURCE:1337-1365"", ""SOURCE:1369-1471"", ""SOURCE:1492-1732"", ""SOURCE:1851-1910"", ""SOURCE:1913-2078"", ""SOURCE:2087-2142"", ""SOURCE:2145-2189"", ""SOURCE:2196-2217"", ""SOURCE:2219-2294"", ""SOURCE:2392-2414"", ""SOURCE:2564-2694"", ""SOURCE:2702-2850""]","[""/Users/william/nautilus/results/20260912_082030_jubias-base-gpt56sol-s59/logs/journal.json#nodes[9]""]",
jigsaw-unintended-bias-in-toxicity-classification,s58_s59,20260912_082030_jubias-base-gpt56sol-s59,147d386dc27945f783065fa47e0a916e,A,S59,improve,04279779c77acc3450aa252dd9ffe71cedd53a17378224de80c7232653ed73bc,True,ok,Dual-View Bias-Aware ModernBERT Toxicity Classifier,"The pipeline cleans comments and creates an identity-masked text view. It derives standardized text statistics, fitting the scaler on training data only, and retains soft toxicity, subtype, and identity labels. A partially fine-tuned ModernBERT encodes original and masked text; pooled representations and a GELU numeric-feature encoder are fused through a gated counterfactual representation for toxicity and subtype prediction. A gradient-reversal identity head promotes identity-invariant features. The loss combines weighted soft-label toxicity BCE, view-specific BCE, masked subtype/identity BCE, counterfactual consistency, and pairwise ranking losses for overall and identity-related groups with smooth worst-group aggregation. Epoch-seeded identity-quadrant sampling balances subgroup/background and positive/negative examples. AdamW uses separate backbone and head rates, warmup-cosine scheduling, AMP, gradient accumulation, clipping, and checkpointing. Inference batches indexed examples, applies sigmoid to main logits, and clips probabilities to [0,1].","[""SOURCE:127-192"", ""SOURCE:202-532"", ""SOURCE:647-689"", ""SOURCE:759-828"", ""SOURCE:846-918"", ""SOURCE:920-1047"", ""SOURCE:1053-1340"", ""SOURCE:1523-1879"", ""SOURCE:2111-2148"", ""SOURCE:2283-2505"", ""SOURCE:2524-2747""]","[""/Users/william/nautilus/results/20260912_082030_jubias-base-gpt56sol-s59/logs/journal.json#nodes[6]""]",
jigsaw-unintended-bias-in-toxicity-classification,s58_s59,20260912_082030_jubias-base-gpt56sol-s59,187ec74e6d00441a8ca70b6a5a70b4d6,A,S59,improve,ff8cac90ab2648965192c8f8db2cea40824692a65b7c2a76aa5579e87fcc0123,True,ok,Identity-aware DeBERTa toxicity classifier,"The model tokenizes comment text and combines DeBERTa-v3-large representations with numeric features. It uses pooled non-identity evidence and an identity-aware branch based on detected identity-token spans and surrounding context, then predicts toxicity alongside auxiliary, evidence and concentration outputs. Training data include soft toxicity labels, masked auxiliary labels, annotator counts, identity/context values and sample weights. Metric-cell-balanced sortish sampling uses approximate sequence length, targets and identity groups. The joint criterion consumes primary, concentration, auxiliary, sentence-evidence and token-evidence logits, corresponding labels and masks, identity-token masks, annotator counts and weights. Mixed-precision optimization accumulates gradients, clips their norm to 1.0 and uses AdamW-style updates with warmup followed by cosine learning-rate decay. At inference, logits are sigmoid-transformed and clipped; CUDA out-of-memory errors trigger a reduced-batch retry. Validation computes overall, subgroup, BPSN and BNSP AUC diagnostics.","[""SOURCE:2982-3018"", ""SOURCE:3025-3055"", ""SOURCE:3063-3181"", ""SOURCE:3194-3303"", ""SOURCE:3354-3389"", ""SOURCE:3471-3607""]","[""/Users/william/nautilus/results/20260912_082030_jubias-base-gpt56sol-s59/logs/journal.json#nodes[10]""]",
jigsaw-unintended-bias-in-toxicity-classification,s58_s59,20260912_082030_jubias-base-gpt56sol-s59,2470bf60a38b4f958292ebbdb1941ad5,A,S59,draft,a6cf21262c933e08c3ecde4ee05aa53b60099514401643b6ffa598f3ca5f5175,True,ok,Dual-view bias-aware ModernBERT toxicity classifier,"Comments are split before preprocessing, then cleaned with placeholder tokens for URLs, emails and mentions. The system builds an identity-masked text view and 22 normalized style/lexicon features, fitting the feature scaler on training data only. Soft toxicity labels, subtype and identity labels, and weighted samples emphasize toxic and identity-related cases. A shared pretrained ModernBERT encodes original and masked texts; most backbone layers are frozen. First-token and attention-masked mean pooling form text embeddings, while an MLP encodes numeric features. A learned gate fuses masked representations with original-minus-masked differences and an absolute-difference correction. Toxicity, subtype and gradient-reversed identity heads are trained using weighted BCE, view consistency, pairwise ranking, and subgroup/BPSN/BNSP ranking losses. AdamW uses separate backbone/head rates, AMP, accumulation, clipping, warm-up and cosine decay. Inference tokenizes both views, applies the feature scaler, and returns clipped sigmoid toxicity probabilities.","[""SOURCE:159-190"", ""SOURCE:346-530"", ""SOURCE:540-587"", ""SOURCE:643-687"", ""SOURCE:693-758"", ""SOURCE:759-1009"", ""SOURCE:1015-1302"", ""SOURCE:1308-1477"", ""SOURCE:1483-1507"", ""SOURCE:1545-1606"", ""SOURCE:1651-1702"", ""SOURCE:1708-1745"", ""SOURCE:1756-1858"", ""SOURCE:1887-2001"", ""SOURCE:2117-2273""]","[""/Users/william/nautilus/results/20260912_082030_jubias-base-gpt56sol-s59/logs/journal.json#nodes[1]""]",
jigsaw-unintended-bias-in-toxicity-classification,s58_s59,20260912_082030_jubias-base-gpt56sol-s59,2b02ec5915fc4d94a7db69cf1b5998be,A,S59,improve,d32a590018130183a6779db7c539ddb58309895cdd8a71b9868bb0bf58e95b26,True,ok,Fairness-Aware Sparse Toxicity Classification,"Comments are normalized into hashed word 1–2-gram and character 3–5-gram sparse features, with standardized engineered text features. Sparse embedding-bag and pooled embedding branches, optionally combined with dense features, output toxicity logits and auxiliary subtype and identity predictions. Training uses continuous toxicity targets and masked subtype/identity labels. The objective combines weighted soft-label toxicity BCE, subgroup/BPSN/BNSP margin-ranking surrogates, auxiliary BCE, gradient-reversal identity adversarial training, and toxicity–identity representation orthogonality. Weights reflect identity–toxicity cell frequency, label uncertainty, and annotator count. Identity-cell batches can apply counterfactual identity-term substitutions while retaining toxicity targets and updating identities. Dense parameters use AdamW and sparse embeddings use Adagrad, with warmup/cosine schedules, adversarial ramping, and dense-gradient clipping. Training uses separate optimizers, then finalizes evaluation/checkpoint handling and test prediction export. Inference returns clipped sigmoid toxicity probabilities.","[""SOURCE:70-110"", ""SOURCE:116-383"", ""SOURCE:386-723"", ""SOURCE:726-755"", ""SOURCE:766-782"", ""SOURCE:791-976"", ""SOURCE:978-1038"", ""SOURCE:1109-1424"", ""SOURCE:1427-1510"", ""SOURCE:1513-1628"", ""SOURCE:1630-1739"", ""SOURCE:1742-1868"", ""SOURCE:1937-2019"", ""SOURCE:2022-2256"", ""SOURCE:2281-2477"", ""SOURCE:2479-2602"", ""SOURCE:2611-2702"", ""SOURCE:2910-3019"", ""SOURCE:3037-3052""]","[""/Users/william/nautilus/results/20260912_082030_jubias-base-gpt56sol-s59/logs/journal.json#nodes[8]""]",
jigsaw-unintended-bias-in-toxicity-classification,s58_s59,20260912_082030_jubias-base-gpt56sol-s59,67271fa70c094978bd4026ca0a1eebe6,A,S59,improve,92abd724aef094ebf1388807c99a208ede8995fca658d414e7272d1d67ee5f0b,True,ok,Identity-Excluded DeBERTa Toxicity Classifier,"The solution preprocesses toxicity comments with Unicode and entity normalization, replacement markers for URLs, emails and mentions, pragmatic regex features, identity/context detection, and optional context prefixes. Numeric features are standardized using training data only. A DeBERTa-v3-large encoder, with only its last up-to-eight layers unfrozen, encodes truncated text; identity-token states are excluded from main evidence pooling and direct numeric identity inputs. Non-identity states yield attention-pooled evidence features fused with projected numeric features for toxicity, auxiliary-label and concentration predictions. An identity branch uses identity and nearby non-identity states for a gated bounded residual toxicity correction. Training combines reliability-weighted soft BCE, beta-binomial vote likelihood, pairwise ranking, masked auxiliary BCE, evidence BCE and identity-token evidence regularization. AdamW uses separate backbone/head rates, mixed precision, accumulation, clipping, warmup and cosine decay. Evaluation/inference applies sigmoid and clipped probabilities, preserves order, handles OOM by reducing batch size, and reports subgroup AUC diagnostics.","[""SOURCE:121-166"", ""SOURCE:499-528"", ""SOURCE:531-739"", ""SOURCE:742-778"", ""SOURCE:785-816"", ""SOURCE:817-832"", ""SOURCE:895-900"", ""SOURCE:908-1435"", ""SOURCE:1443-1529"", ""SOURCE:1532-1651"", ""SOURCE:1658-1873"", ""SOURCE:1911-1976"", ""SOURCE:1983-2300"", ""SOURCE:2303-2306"", ""SOURCE:2316-2434"", ""SOURCE:2447-2565"", ""SOURCE:2573-2643"", ""SOURCE:2732-2860""]","[""/Users/william/nautilus/results/20260912_082030_jubias-base-gpt56sol-s59/logs/journal.json#nodes[7]""]",
jigsaw-unintended-bias-in-toxicity-classification,s58_s59,20260912_082030_jubias-base-gpt56sol-s59,ab66d7a67be2486383e78b9edeec6fd8,A,S59,draft,ae620275f137e6c5059de77b271a4530e85317fb0a1389960b3e81dd37fe4c26,True,ok,Context-aware DeBERTa toxicity classifier,"The pipeline normalizes comment text and derives pragmatic numeric features from surface statistics, lexical cues, identity terms, and identity-context interactions. It builds optional natural-language context prefixes, truncates long text by retaining both ends, and creates soft toxicity, masked auxiliary, identity, and annotator-count targets. A DeBERTa-v3-large encoder is fine-tuned in its last encoder layers with gradient checkpointing. Identity phrase tokens are masked from learned evidence attention; remaining token representations are pooled and fused with numeric features and evidence statistics. Heads predict toxicity, auxiliary labels, evidence aggregates, and beta-binomial concentration. Sample weights account for identity/toxicity cells and label reliability. Training uses masked-token augmentation, length-sorted shuffled batches, AdamW with separate backbone/head rates, warmup then cosine decay, mixed precision, accumulation, and gradient clipping. The loss combines weighted soft-label BCE, beta-binomial count likelihood, pairwise ranking, masked auxiliary BCE, evidence BCE, and identity-evidence regularization. Inference sigmoid-transforms and clips logits, reducing batch size after CUDA OOM.","[""SOURCE:34-54"", ""SOURCE:61-128"", ""SOURCE:174-489"", ""SOURCE:497-776"", ""SOURCE:837-886"", ""SOURCE:906-1250"", ""SOURCE:1257-1465"", ""SOURCE:1535-1573"", ""SOURCE:1611-1676"", ""SOURCE:1717-1842"", ""SOURCE:1849-1971"", ""SOURCE:2016-2152"", ""SOURCE:2306-2429""]","[""/Users/william/nautilus/results/20260912_082030_jubias-base-gpt56sol-s59/logs/journal.json#nodes[4]""]",
jigsaw-unintended-bias-in-toxicity-classification,s58_s59,20260912_082030_jubias-base-gpt56sol-s59,c353c815cd8b445793748f518397531f,A,S59,debug,ba4770d6f11ad4ae02acac21e162956506d5d4423b75f1c86b066dba0a332bfa,True,ok,Fairness-Aware Sparse Wide-and-Deep Toxicity Classifier,"The solution normalizes comments, then builds hashed word 1–2-gram and character 3–5-gram sparse features plus standardized dense style, lexical, identity and interaction features. A sparse wide-and-deep network uses embedding-bag pooling for a linear wide logit and learned sparse embeddings, concatenated with a dense GELU/dropout pathway. It predicts toxicity with auxiliary subtype and identity heads; a gradient-reversal identity head is trained from toxicity features and the wide logit. Toxicity uses weighted soft-label BCE, while masked BCE supervises available auxiliary labels. Additional losses penalize toxicity/identity representation correlation and apply identity-group ranking constraints. Weights account for identity-toxicity cell frequency, near-threshold labels and optional annotator counts. Batches are augmented with samples from each nonempty identity-by-binary-toxicity cell. Dense parameters use AdamW, embeddings use Adagrad, with warm-up/cosine learning rates, increasing adversarial strength and dense-gradient clipping. Inference applies sigmoid to the combined toxicity logit and clips finite predictions to [0,1].","[""SOURCE:68-110"", ""SOURCE:196-482"", ""SOURCE:485-603"", ""SOURCE:667-762"", ""SOURCE:766-985"", ""SOURCE:988-1300"", ""SOURCE:1303-1429"", ""SOURCE:1514-1580"", ""SOURCE:1583-1682"", ""SOURCE:1699-1757"", ""SOURCE:1763-1873"", ""SOURCE:2064-2206""]","[""/Users/william/nautilus/results/20260912_082030_jubias-base-gpt56sol-s59/logs/journal.json#nodes[5]""]",
jigsaw-unintended-bias-in-toxicity-classification,s58_s59,20260912_082058_jubias-base-gpt56sol-s58,077249b2b65349359ee60479a1d8a419,A,S58,improve,beafdd703aa6b64f74627faa87db408576f164aede6ca8ad5afc20c04ef3a1cb,True,ok,Fairness-Aware Counterfactual Toxicity Classifier,"The system normalizes comments, tokenizes emails, URLs, IP addresses and handles, creates identity-masked counterfactual texts, and derives scaled style features. It constructs soft and binary toxicity targets, identity memberships and sample weights. A partially unfrozen ModernBERT encodes original and masked text; projected CLS and masked-mean features may be combined with style features. Original, masked and bounded correction heads produce the deployed logit, with an optional auxiliary-label head. Training combines weighted BCE losses, consistency and correction penalties, plus identity-stratified subgroup, BPSN and BNSP ranking losses using queues and soft worst-group aggregation. Batches include scheduled subgroup/background anchors. AdamW uses separate backbone and head rates, mixed precision, accumulation, clipping, warmup and cosine decay. Validation restores the best checkpoint; length-sorted inference returns sigmoid probabilities in original order.","[""SOURCE:116-178"", ""SOURCE:347-515"", ""SOURCE:525-651"", ""SOURCE:669-790"", ""SOURCE:807-822"", ""SOURCE:823-834"", ""SOURCE:855-883"", ""SOURCE:886-1228"", ""SOURCE:1236-1473"", ""SOURCE:1475-1546"", ""SOURCE:1561-1769"", ""SOURCE:1792-1811"", ""SOURCE:1818-1894"", ""SOURCE:1929-2107"", ""SOURCE:2110-2245"", ""SOURCE:2246-2419"", ""SOURCE:2429-2465"", ""SOURCE:2473-2505"", ""SOURCE:2523-2608"", ""SOURCE:2839-2989"", ""SOURCE:2998-3007"", ""SOURCE:3009-3025"", ""SOURCE:3028-3076"", ""SOURCE:3079-3083""]","[""/Users/william/nautilus/results/20260912_082058_jubias-base-gpt56sol-s58/logs/journal.json#nodes[9]""]",
jigsaw-unintended-bias-in-toxicity-classification,s58_s59,20260912_082058_jubias-base-gpt56sol-s58,13d7feda3e5b4c91802bf90d449fdc68,A,S58,draft,858f15e8a8de210b38ba939573bdf399d11e83af5c3b8fbecc7853a483963253,True,ok,ModernBERT Attribution-Aware Toxicity Classifier,"The system normalizes comments, marks URLs, emails and user references, detects quotations, and builds an author-focused view with quoted material removed when sufficient text remains. Train-fitted dense features encode text statistics, style cues, quotation/author proportions, lexical indicators and training-only duplicate frequency. Tokenized author and full-text views are combined and processed by a pretrained ModernBERT encoder. CLS, masked mean/max and learned attention-pooled token states are projected; normalized dense features pass through an MLP and sigmoid gate before fusion. Heads predict toxicity, uncertainty, and masked subtype and identity labels. Training uses weighted soft-label toxicity BCE, uncertainty and auxiliary BCE losses, plus global and identity-group pairwise ranking losses with smooth worst-group aggregation. Stratified batches, AdamW with layer-wise encoder decay, warmup/cosine scheduling, mixed precision, accumulation and gradient clipping are used. Inference returns clamped sigmoid toxicity probabilities.","[""SOURCE:37-43"", ""SOURCE:96-135"", ""SOURCE:198-287"", ""SOURCE:601-655"", ""SOURCE:742-813"", ""SOURCE:1005-1278"", ""SOURCE:1281-1397"", ""SOURCE:1516-1572"", ""SOURCE:1723-1805"", ""SOURCE:1928-2060""]","[""/Users/william/nautilus/results/20260912_082058_jubias-base-gpt56sol-s58/logs/journal.json#nodes[5]""]",
jigsaw-unintended-bias-in-toxicity-classification,s58_s59,20260912_082058_jubias-base-gpt56sol-s58,6f16a4ee3da1405f8c4f64059be4cd0f,A,S58,debug,1937a2e3f1c188cd41bb217125d6efb1a771e9ab95c19495aac47db4e8b113e5,True,ok,Conditional Identity-Adversarial DeBERTa Toxicity Classifier,"The solution preprocesses comments into normalized main and heuristically selected focus text, plus 36 standardized and clipped dense style, lexical, toxicity-cue, identity-context, and obfuscation features. A paired-text DeBERTa-v3-large encoder uses frozen embeddings/lower layers and up to eight trainable final layers. CLS, masked-mean, and masked-max pooling are fused with projected dense features through normalized residual layers. Multi-dropout heads predict soft toxicity; optional masked auxiliary labels and identity labels are trained through additional heads. An identity adversary receives gradient-reversed text features and detached toxicity conditioning. The objective combines weighted soft-target BCE, confidence-weighted hard-label BCE, masked positive-weighted auxiliary BCE, and weighted identity BCE. Sampling weights emphasize toxicity/identity subgroups. AdamW uses layer-wise learning-rate decay, separate head rates, warmup-cosine scheduling, mixed precision, accumulation, and gradient clipping; adversarial strength ramps during early updates. Inference disables adversarial reversal and clips finite sigmoid probabilities to [0,1].","[""SOURCE:19-23"", ""SOURCE:67-90"", ""SOURCE:372-529"", ""SOURCE:538-637"", ""SOURCE:644-742"", ""SOURCE:756-926"", ""SOURCE:929-1141"", ""SOURCE:1144-1227"", ""SOURCE:1230-1307"", ""SOURCE:1608-1669"", ""SOURCE:1683-1865"", ""SOURCE:1871-1914"", ""SOURCE:1920-2007"", ""SOURCE:2056-2133"", ""SOURCE:2247-2328"", ""SOURCE:2329-2417"", ""SOURCE:2420-2428""]","[""/Users/william/nautilus/results/20260912_082058_jubias-base-gpt56sol-s58/logs/journal.json#nodes[7]""]",
jigsaw-unintended-bias-in-toxicity-classification,s58_s59,20260912_082058_jubias-base-gpt56sol-s58,8d8da13bbd914a9fbd14390fa6c7233c,A,S58,draft,179533c0ee4371692cae2fee49ff7c3bc8b9e608185d4f143d259468990ebe88,True,ok,Conditional adversarial DeBERTa toxicity classifier,"The system normalizes comment text, derives an obfuscation-normalized focus sentence, and computes 35 dense context, lexical, punctuation, casing, identity and position features. Training-only standardization clips these features. A DeBERTa-v3-large encoder, with frozen lower components and trainable upper layers, encodes paired full and focus text. CLS, masked mean and max pooling are projected and residually fused with projected dense features. Dropout-averaged toxicity heads produce a scalar logit; masked auxiliary subtype and conditional identity-adversarial heads are optional. The adversary uses gradient-reversed text features conditioned on detached toxicity probability or target. Loss combines soft-target and confidence-weighted hard-label toxicity BCE, masked class-weighted auxiliary BCE, and masked weighted identity BCE. Samples are reweighted by toxicity and identity-label status. AdamW uses layer-wise encoder rates, AMP, accumulation, clipping, warmup and cosine decay. Inference disables adversarial training, applies sigmoid and clips probabilities.","[""SOURCE:83-105"", ""SOURCE:256-306"", ""SOURCE:309-515"", ""SOURCE:524-628"", ""SOURCE:658-750"", ""SOURCE:752-796"", ""SOURCE:798-940"", ""SOURCE:943-1155"", ""SOURCE:1207-1237"", ""SOURCE:1244-1346"", ""SOURCE:1381-1442"", ""SOURCE:1456-1520"", ""SOURCE:1521-1554"", ""SOURCE:1575-1600"", ""SOURCE:1624-1673"", ""SOURCE:1675-1687"", ""SOURCE:1693-1780"", ""SOURCE:1822-1906"", ""SOURCE:2020-2177""]","[""/Users/william/nautilus/results/20260912_082058_jubias-base-gpt56sol-s58/logs/journal.json#nodes[2]""]",
jigsaw-unintended-bias-in-toxicity-classification,s58_s59,20260912_082058_jubias-base-gpt56sol-s58,8f460141f6b94564aa013f01b83134b1,A,S58,improve,a50421cd1b9904d4bf816fbf491036e5436f91e5e13778ccbfa896180517468a,True,ok,Counterfactual ModernBERT Toxicity Classifier,"The solution normalizes comment text, replaces emails, URLs, IPs and handles with markers, and creates identity-masked counterfactual text. It derives scaled style features and soft/binary toxicity targets, with sample weights emphasizing identity-related cases. A ModernBERT encoder processes original and masked inputs; frozen lower layers retain selected upper layers for training. CLS and masked-mean pooled representations, optionally combined with numeric style features, feed original and masked toxicity heads. The final logit applies a tanh-bounded correction based on both representations. Training combines weighted soft-target BCE for final and branch logits, optional auxiliary supervision, benign-identity consistency, correction regularization, and queued pairwise subgroup/background ranking losses. Batches include fairness-stratum anchors. AdamW uses separate backbone/head rates, selective weight decay, AMP, accumulation, clipping, warmup and cosine scheduling. Inference length-sorts inputs, predicts sigmoid probabilities, and restores input order; checkpoints include model, tokenizer, feature artifacts and manifest.","[""SOURCE:116-178"", ""SOURCE:347-515"", ""SOURCE:525-662"", ""SOURCE:837-1228"", ""SOURCE:1236-1473"", ""SOURCE:1561-1767"", ""SOURCE:1927-2188"", ""SOURCE:2292-2377"", ""SOURCE:2403-2550"", ""SOURCE:2563-2715""]","[""/Users/william/nautilus/results/20260912_082058_jubias-base-gpt56sol-s58/logs/journal.json#nodes[3]""]",
jigsaw-unintended-bias-in-toxicity-classification,s58_s59,20260912_082058_jubias-base-gpt56sol-s58,a38fced5cd6346c9a6205b8d44e50107,A,S58,improve,75cdead5195821c2cde8e82f62621ede6265c063aa513d585ca4ea19fe319ee7,True,ok,Identity-aware ModernBERT toxicity classifier,"The solution cleans Unicode and HTML text, replaces emails, URLs, IPs and handles, and creates identity-masked counterfactual versions. It derives lexical/style features plus toxicity, auxiliary, identity and weighting metadata. A pretrained ModernBERT encodes original and masked text; selected final layers and normalization parameters are trainable. CLS and masked-mean representations, optionally concatenated with numeric features, feed toxicity and auxiliary heads. The final toxicity logit combines the masked-text logit with a tanh-bounded correction using both views. Training uses weighted soft-target BCE, branch and auxiliary losses, consistency and correction penalties, and pairwise ranking losses for subgroup, BPSN and BNSP comparisons. Four queues retain subgroup/background positive/negative examples; soft worst-group weighting uses ranking availability and queue statistics. Metric-stratified batches include identity/class anchors. Optimization uses AdamW, AMP, accumulation, clipping and warmup-cosine scheduling. Inference length-sorts inputs, applies sigmoid, and restores original order; best checkpoints are evaluated and prediction CSVs written.","[""SOURCE:116-178"", ""SOURCE:347-515"", ""SOURCE:525-651"", ""SOURCE:837-1228"", ""SOURCE:1231-1473"", ""SOURCE:1561-1767"", ""SOURCE:1927-2105"", ""SOURCE:2253-2417"", ""SOURCE:2521-2606"", ""SOURCE:2837-2987"", ""SOURCE:3001-3081""]","[""/Users/william/nautilus/results/20260912_082058_jubias-base-gpt56sol-s58/logs/journal.json#nodes[6]""]",
jigsaw-unintended-bias-in-toxicity-classification,s58_s59,20260912_082058_jubias-base-gpt56sol-s58,c90c6f5d016a478fa3d53d370c1c3b4a,A,S58,draft,439bf05e2262bcd0ceb7511ca73c4f13704161487238a2104cbc8f908f8db866,True,ok,Counterfactual ModernBERT Toxicity Classifier,"The system normalizes toxicity comments, replaces contact and web patterns with tokens, constructs identity-masked counterparts, and derives standardized style features. ModernBERT-large encodes original and masked texts; pooled CLS and attention-masked mean representations can be combined with encoded numeric features. Separate toxicity heads score both branches, while a correction network adjusts the masked logit using paired representations. Training uses weighted toxicity and branch BCE losses, consistency loss, subgroup-related ranking losses, optional auxiliary BCE, and correction regularization. Batches jointly tokenize paired text with dynamic padding and include metric-stratified anchors. AdamW uses differential backbone and head rates, mixed precision, accumulation, clipping, and warmup-cosine scheduling. The scheduler advances only after successful optimizer updates. Inference length-sorts inputs, applies sigmoid to logits, and restores original order; validation and test predictions are exported after best-checkpoint restoration.","[""SOURCE:116-178"", ""SOURCE:185-515"", ""SOURCE:525-662"", ""SOURCE:669-706"", ""SOURCE:807-821"", ""SOURCE:823-834"", ""SOURCE:837-1228"", ""SOURCE:1236-1516"", ""SOURCE:1523-1561"", ""SOURCE:1562-1600"", ""SOURCE:1634-1774"", ""SOURCE:1777-1857"", ""SOURCE:1911-1943"", ""SOURCE:1961-2046"", ""SOURCE:2234-2333"", ""SOURCE:2335-2364""]","[""/Users/william/nautilus/results/20260912_082058_jubias-base-gpt56sol-s58/logs/journal.json#nodes[1]""]",
jigsaw-unintended-bias-in-toxicity-classification,s58_s59,20260912_082058_jubias-base-gpt56sol-s58,d8091a75d21645d397c96712b662d8de,A,S58,improve,4f7fbeb2ac3599a4c3e67b4fd2428382ef8b6d25d0d5a91f64021064b037226a,False,ok,Adversarial DeBERTa and sparse toxicity classifiers,"The solution preprocesses comments into normalized paired model/focus text and 36 clipped, standardized lexical-style features. A DeBERTa-v3-large encoder pools CLS, masked-mean, and masked-max token states; frozen early layers, projected dense features, residual fusion, and a four-dropout toxicity head produce soft-label predictions. Auxiliary subtype heads and a conditional identity adversary use masked targets; the adversary receives gradient-reversed text features conditioned on detached toxicity probability. Losses combine weighted soft-label and confidence-weighted hard-label BCE, masked class-weighted auxiliary BCE, and weighted identity BCE. Identity-aware sample weighting is normalized and clipped. Training uses paired tokenization, deterministic shuffling, AMP, accumulation, clipping, AdamW layer-wise learning rates, warmup-cosine scheduling, and a ramped adversarial coefficient. A separate hashed word/character n-gram logistic SGD classifier is trained online using positive/negative fractional-label duplication. Inference applies sigmoid or sparse positive-class probabilities, validates finiteness, and clips outputs.","[""SOURCE:19-23"", ""SOURCE:67-89"", ""SOURCE:478-529"", ""SOURCE:538-637"", ""SOURCE:644-748"", ""SOURCE:756-926"", ""SOURCE:929-1141"", ""SOURCE:1152-1227"", ""SOURCE:1230-1309"", ""SOURCE:1314-1546"", ""SOURCE:1549-1565"", ""SOURCE:1587-1675"", ""SOURCE:1706-1779"", ""SOURCE:1869-1912"", ""SOURCE:1918-2005"", ""SOURCE:2054-2131"", ""SOURCE:2244-2328"", ""SOURCE:2335-2404"", ""SOURCE:2432-2480"", ""SOURCE:2500-2559"", ""SOURCE:2577-2707""]","[""/Users/william/nautilus/results/20260912_082058_jubias-base-gpt56sol-s58/logs/journal.json#nodes[4]""]",
jigsaw-unintended-bias-in-toxicity-classification,s58_s59,20260912_082058_jubias-base-gpt56sol-s58,fb9fb1cf56634202828d1b53e3edce24,A,S58,improve,6dc4b61c8c8322df8d1246277ed26fa789116d23923f5fff0f50623ed201ff34,True,ok,Attribution-Aware Gated Transformer Toxicity Classifier,"The solution normalizes comments, masks URLs, emails and user references, separates author text from quotations, and builds 31 train-standardized dense text features. A pretrained ModernBERT encoder receives concatenated author and full-comment text (up to 512 tokens). CLS, masked mean, masked max and attention pooling are projected, gated, and fused with encoded dense features. Heads predict soft toxicity, uncertainty, observed toxicity subtypes and identity labels; identity annotations are targets only. The objective combines weighted BCE for soft toxicity, masked auxiliary BCE losses, and pairwise softplus ranking losses overall and across identity-based subgroup/background strata, with smooth worst-group aggregation. Batches are seeded, no-replacement stratified by binary toxicity class; positives receive higher example weight. Fine-tuning uses AdamW with layer-wise encoder learning-rate decay, higher head rates, warmup and cosine decay, decoupled weight-decay exclusions, clipping, accumulation, mixed precision and optional checkpointing/TF32. Inference returns sigmoid-clamped toxicity probabilities. Checkpoints retain model, tokenizer, encoder configuration and feature state.","[""SOURCE:38-44"", ""SOURCE:97-136"", ""SOURCE:146-187"", ""SOURCE:199-288"", ""SOURCE:475-562"", ""SOURCE:602-655"", ""SOURCE:667-690"", ""SOURCE:695-739"", ""SOURCE:743-978"", ""SOURCE:1006-1279"", ""SOURCE:1282-1421"", ""SOURCE:1435-1470"", ""SOURCE:1472-1514"", ""SOURCE:1517-1708"", ""SOURCE:1724-1806"", ""SOURCE:1830-1939"", ""SOURCE:1944-2089""]","[""/Users/william/nautilus/results/20260912_082058_jubias-base-gpt56sol-s58/logs/journal.json#nodes[8]""]",
jigsaw-unintended-bias-in-toxicity-classification,s58_s59,20260912_082449_jubias-anaf-gpt56sol-s59,042900bc220d4fafb60768aa83460d37,F,S59,draft,2771d689d9e35054be20efecff24e9e8e67994296c6be2fb4144dd66b43a4178,False,ok,Fairness-Regularized DeBERTa Toxicity Classifier,"Comments are Unicode/HTML-normalized; URLs, emails, IPs, mentions and newlines become markers. Train-only identity-term swaps create deterministic counterfactuals. Standardized clipped style features capture text structure, markers and lexical abuse/civility signals. A DeBERTa-v3-large encoder pools token sequences into a toxicity representation, which is fused with gated style features and classified by averaged logits from four dropout heads. Optional subtype and identity heads use masked labels; identity prediction receives gradient-reversed representations. The objective combines weighted BCE for soft and hard toxicity targets, masked subtype BCE, adversarial identity BCE, counterfactual Smooth-L1 consistency, and stochastic-pass symmetric Bernoulli-KL. Weights emphasize positives and identity subgroups with subgroup class balancing. Dynamic batches tokenize and pad text and available counterfactuals. AdamW applies layer-wise decayed backbone learning rates and higher head rates, with AMP, accumulation, clipping, cosine warmup scheduling, and a sigmoid adversarial ramp. Inference returns sigmoid toxicity probabilities.","[""SOURCE:90-156"", ""SOURCE:160-294"", ""SOURCE:300-496"", ""SOURCE:500-597"", ""SOURCE:668-765"", ""SOURCE:774-789"", ""SOURCE:835-896"", ""SOURCE:921-1138"", ""SOURCE:1144-1237"", ""SOURCE:1297-1485"", ""SOURCE:1510-1543"", ""SOURCE:1563-1615"", ""SOURCE:1657-1689"", ""SOURCE:1703-1858""]","[""/Users/william/nautilus/results/20260912_082449_jubias-anaf-gpt56sol-s59/logs/journal.json#nodes[2]""]",
jigsaw-unintended-bias-in-toxicity-classification,s58_s59,20260912_082449_jubias-anaf-gpt56sol-s59,2b941e564ef14d1ab389af977656ddf1,F,S59,draft,0cab5bbd9ee3c566b84f7b188c6ed5df1abbcd04e651cb98a4ca6ae54639a820,False,ok,Quote-Aware Bias-Weighted Toxicity Classifier,"The solution normalizes comment text, marks quotes, URLs, emails and mentions, and creates asserted and quoted text views. It derives 30 standardized, clipped structural features from training-fitted statistics, including training-only duplicate frequency. A ModernBERT-large encoder with added quote-boundary tokens pools full, asserted and quoted token states separately. Dense features and asserted text form a base toxicity logit; a gated bounded quote contribution, informed by quoted, residual and contextual representations, adjusts it. The model predicts toxicity probability, concentration, quote diagnostics and optional subtypes. Training uses clipped soft labels, hard toxicity labels, annotator counts, subtype and identity annotations. Its weighted objective combines beta-binomial likelihood, soft and hard BCE, optional subtype, quote-attribution and concentration terms, with duplicate and identity-based weighting. AdamW uses separate backbone/head rates, mixed precision, gradient accumulation, clipping, warmup-cosine scheduling and checkpoint validation. Inference tokenizes dynamically and returns finite clipped sigmoid probabilities.","[""SOURCE:119-160"", ""SOURCE:167-198"", ""SOURCE:431-493"", ""SOURCE:501-801"", ""SOURCE:804-819"", ""SOURCE:865-949"", ""SOURCE:979-1000"", ""SOURCE:1003-1063"", ""SOURCE:1066-1478"", ""SOURCE:1484-1582"", ""SOURCE:1611-1813"", ""SOURCE:1816-1827"", ""SOURCE:1834-1904"", ""SOURCE:1988-2061"", ""SOURCE:2113-2203"", ""SOURCE:2355-2407"", ""SOURCE:2416-2475"", ""SOURCE:2481-2623""]","[""/Users/william/nautilus/results/20260912_082449_jubias-anaf-gpt56sol-s59/logs/journal.json#nodes[9]""]",
jigsaw-unintended-bias-in-toxicity-classification,s58_s59,20260912_082449_jubias-anaf-gpt56sol-s59,36491d0259a84ed1bfdefcb8076abfec,F,S59,debug,d591900d395dace91907a869bac248bc26c89db6448ea26bd748cbd997f5e667,False,ok,Quote-Aware Bias-Aware Toxicity Classifier,"The solution normalizes comments, identifies quotations, and creates full, asserted, and quoted text views. A train-fitted processor generates standardized, clipped lexical and structural dense features and duplicate-frequency statistics. ModernBERT-large is fine-tuned after adding quote-boundary tokens. Attention pooling separately summarizes lexical tokens, asserted non-quote tokens, and quoted tokens; pooled representations and dense features predict an asserted-content toxicity logit. A quote-presence gate and bounded quote-logit adjustment modify this prediction. The model also outputs a concentration parameter and optional subtype logits. Training uses soft and binary toxicity labels, annotator counts, optional subtype and identity labels, and weighted examples. Its objective combines beta-binomial likelihood, soft and hard BCE, optional subtype BCE, quote attribution, concentration regularization, and identity weighting. AdamW uses separate backbone and head learning rates. Dynamic padded batches use mixed precision, gradient accumulation, clipping, warmup followed by cosine decay, and checkpoint validation. Inference returns clipped sigmoid toxicity probabilities.","[""SOURCE:119-160"", ""SOURCE:167-198"", ""SOURCE:431-493"", ""SOURCE:501-801"", ""SOURCE:804-840"", ""SOURCE:865-949"", ""SOURCE:979-1000"", ""SOURCE:1003-1063"", ""SOURCE:1066-1478"", ""SOURCE:1488-1589"", ""SOURCE:1611-1813"", ""SOURCE:1816-1904"", ""SOURCE:1988-2061"", ""SOURCE:2113-2203"", ""SOURCE:2355-2400"", ""SOURCE:2416-2475"", ""SOURCE:2481-2609""]","[""/Users/william/nautilus/results/20260912_082449_jubias-anaf-gpt56sol-s59/logs/journal.json#nodes[11]""]",
jigsaw-unintended-bias-in-toxicity-classification,s58_s59,20260912_082449_jubias-anaf-gpt56sol-s59,600ef4fa29074a3fbecd518a27d07b70,F,S59,draft,2cd3d04d8dd41cc3dd28ce6cb3be40e5a91cd5bc0ccf558f1ddd62c8b4ac4ef6,True,ok,ModernBERT Toxicity Classifier with Queue Ranking Loss,"The solution normalizes comment text (Unicode NFKC; removal of control characters; URL, email and mention replacement) and extracts 16 style/length features. Toxicity and identity labels are clipped to [0,1], with soft and thresholded hard toxicity targets. Standardized, clipped numeric features are fused with layer-normalized masked-mean ModernBERT-large embeddings through GELU projections, dropout and a single-logit head. Tokenization uses truncation, dynamic padding to multiples of eight and no token-type IDs. Training combines binary cross-entropy on soft targets with a 0.20-weighted queue-backed pairwise softplus ranking loss over overall and identity subgroup/background pair types. The FIFO queue stores detached logits, hard labels and identity masks, sampling up to 512 pairs per direction. AdamW uses separate backbone/head rates, warmup then exponential decay, selective weight-decay exclusion, mixed precision, accumulation and gradient clipping. Inference batches in order, applies sigmoid, validates finite shapes and clips probabilities. Checkpoints retain model, tokenizer, preprocessing metadata and scaler.","[""SOURCE:159-231"", ""SOURCE:241-379"", ""SOURCE:382-437"", ""SOURCE:513-635"", ""SOURCE:638-744"", ""SOURCE:757-991"", ""SOURCE:994-1013"", ""SOURCE:1019-1137"", ""SOURCE:1276-1483"", ""SOURCE:1500-1586"", ""SOURCE:1611-1748"", ""SOURCE:1767-1910""]","[""/Users/william/nautilus/results/20260912_082449_jubias-anaf-gpt56sol-s59/logs/journal.json#nodes[1]""]",
jigsaw-unintended-bias-in-toxicity-classification,s58_s59,20260912_082449_jubias-anaf-gpt56sol-s59,603f6312b4a0476ea652cb901fc2442d,F,S59,improve,c5cf91e76259ff88a1d60f8ba6ccc5f410f379cede09605ed55edc7e4cd928dd,True,ok,Fairness-Aware DeBERTa Toxicity Classification,"Unicode/HTML-normalized comments are anonymized and paired with clipped standardized style features. Selected examples receive deterministic identity-term counterfactuals. A DeBERTa-v3-large encoder processes up to 256 tokens; pooled text representations are transformed and gated with encoded style features to produce dropout-averaged toxicity logits, with optional masked subtype and identity heads. Identity prediction may apply gradient reversal to toxicity features. Training combines weighted soft/hard toxicity BCE, masked auxiliary BCE, counterfactual Smooth-L1 consistency, R-Drop Bernoulli-KL, and queue-based pairwise ranking for identity subgroup, BPSN, and BNSP pools. EMA cell losses derive capped fairness weights; pairwise loss ramps after successful optimizer updates. Counterfactual logits are computed in an extra forward pass and inserted into a detached logits copy for the criterion. AdamW uses layer-wise decay, higher head learning rates, warmup-cosine scheduling, AMP, accumulation, clipping, and checkpointing. Evaluation reports overall and identity-family AUCs with negative fifth-power aggregation.","[""SOURCE:117-157"", ""SOURCE:163-295"", ""SOURCE:301-492"", ""SOURCE:503-598"", ""SOURCE:669-765"", ""SOURCE:766-915"", ""SOURCE:926-1462"", ""SOURCE:1599-1947"", ""SOURCE:1950-1957"", ""SOURCE:1963-2059"", ""SOURCE:2061-2103"", ""SOURCE:2106-2188"", ""SOURCE:2192-2261"", ""SOURCE:2264-2328"", ""SOURCE:2334-2389"", ""SOURCE:2440-2526"", ""SOURCE:2788-2861"", ""SOURCE:2866-2946"", ""SOURCE:2950-2978"", ""SOURCE:2980-3025"", ""SOURCE:3029-3050""]","[""/Users/william/nautilus/results/20260912_082449_jubias-anaf-gpt56sol-s59/logs/journal.json#nodes[8]""]",
jigsaw-unintended-bias-in-toxicity-classification,s58_s59,20260912_082449_jubias-anaf-gpt56sol-s59,6440541092da4c5a81164d35c69e1704,F,S59,improve,6f6ac067d4b05ba6de47a876cc3add1258451882ba476278b61416bbc346b6b0,False,ok,Group-Robust ModernBERT Toxicity Classifier,"Comments are NFKC-normalized, stripped of control characters, anonymized for URLs, emails and mentions, and converted into 16 clipped numeric text features. A ModernBERT-large encoder creates masked-mean text embeddings, fused with a two-layer GELU numeric branch to predict a toxicity logit. Clipped soft targets, hard labels and thresholded identity masks support training and ranking. The objective combines soft binary cross-entropy with queue-backed pairwise softplus ranking losses for overall, subgroup, BPSN and BNSP pools. Per-identity loss statistics update EMA-based capped-simplex Group-DRO weights. A deterministic sampler packs identity roles in sampling windows. AdamW uses separate backbone and head rates, selective weight decay, warmup-decay scheduling, mixed precision, accumulation and gradient clipping. Non-finite losses are rejected; skipped scaled updates discard pending Group-DRO statistics, while successful updates commit them. Inference batches tokenized text, applies sigmoid and clips outputs.","[""SOURCE:160-183"", ""SOURCE:208-232"", ""SOURCE:242-380"", ""SOURCE:383-438"", ""SOURCE:514-636"", ""SOURCE:642-739"", ""SOURCE:747-889"", ""SOURCE:974-1079"", ""SOURCE:1123-1314"", ""SOURCE:1317-1423"", ""SOURCE:1429-1462"", ""SOURCE:1469-1595"", ""SOURCE:1601-1767"", ""SOURCE:1769-2075"", ""SOURCE:2078-2193"", ""SOURCE:2345-2417"", ""SOURCE:2420-2616"", ""SOURCE:2622-2741"", ""SOURCE:2744-2900"", ""SOURCE:2919-2944"", ""SOURCE:2946-2975"", ""SOURCE:2977-3025"", ""SOURCE:3027-3071"", ""SOURCE:3090-3096""]","[""/Users/william/nautilus/results/20260912_082449_jubias-anaf-gpt56sol-s59/logs/journal.json#nodes[6]""]",
jigsaw-unintended-bias-in-toxicity-classification,s58_s59,20260912_082449_jubias-anaf-gpt56sol-s59,64f9c6261a574b3cad82168485502c72,F,S59,improve,07f7fbd06db633eabe481ee6f5711c6daff537c2a0b2b74719d30d6df17c48cd,True,ok,ModernBERT Group-Robust Toxicity Classifier,"Comments are Unicode-normalized and sanitized, while 16 style and length features are standardized from training data and clipped. Toxicity and identity annotations are clipped to [0,1], producing soft targets, hard 0.5-threshold targets, and identity masks. A ModernBERT-large encoder generates masked-mean text embeddings; a two-layer GELU branch encodes numeric features, then fusion produces one toxicity logit. Training minimizes soft binary cross-entropy plus weighted queue-backed pairwise ranking losses for overall, subgroup, BPSN, and BNSP pools. A circular queue stores detached logits, labels, and identity masks across batches. Persistent Group-DRO weights are updated from EMA group losses using temperature-scaled exponentiation and capped-simplex projection. AdamW uses separate backbone/head rates, selective weight decay, mixed precision, accumulation, clipping, warm-up and decayed scheduling. Validation combines overall and group AUC measures. Inference tokenizes with dynamic padded truncation, applies sigmoid, and clips probabilities.","[""SOURCE:159-231"", ""SOURCE:241-379"", ""SOURCE:382-437"", ""SOURCE:513-635"", ""SOURCE:641-738"", ""SOURCE:761-888"", ""SOURCE:902-1078"", ""SOURCE:1122-1313"", ""SOURCE:1316-1421"", ""SOURCE:1428-1461"", ""SOURCE:1498-1594"", ""SOURCE:1600-1807"", ""SOURCE:1813-2006"", ""SOURCE:2017-2179"", ""SOURCE:2197-2236"", ""SOURCE:2238-2288"", ""SOURCE:2290-2331""]","[""/Users/william/nautilus/results/20260912_082449_jubias-anaf-gpt56sol-s59/logs/journal.json#nodes[3]""]",
jigsaw-unintended-bias-in-toxicity-classification,s58_s59,20260912_082449_jubias-anaf-gpt56sol-s59,6ebf7580e7244bfd8d85d2d8a30e8978,F,S59,improve,a555eb70f3491dd888314216326ba98b32244a27009dfb66f29efec177032c68,True,ok,ModernBERT Group-DRO Toxicity Classifier,"The solution normalizes comment text, replaces URLs, emails and mentions, and extracts 16 standardized text-style features. A pretrained ModernBERT encoder yields masked-mean-pooled, layer-normalized text embeddings; a GELU numeric branch embeds engineered features, and a fusion network predicts toxicity. A six-logit subtype head is trained with masked BCE for observed subtype labels, weighted by 0.15. The primary objective combines BCE on clipped soft targets with queue-backed pairwise ranking losses for overall, identity-subgroup, BPSN and BNSP groups. Persistent Group-DRO weights are updated from EMA cell losses after successful optimizer steps using capped-simplex projection. Batches use dynamic, length-limited padding. AdamW uses separate backbone/head learning rates, warmup and exponential decay, mixed precision, accumulation and gradient clipping. Inference applies sigmoid and clips probabilities to [0,1]. Checkpoints include model, criterion, tokenizer, feature scaler and processing metadata.","[""SOURCE:159-175"", ""SOURCE:241-379"", ""SOURCE:513-679"", ""SOURCE:764-806"", ""SOURCE:843-985"", ""SOURCE:999-1163"", ""SOURCE:1427-1523"", ""SOURCE:1973-2169"", ""SOURCE:2259-2373"", ""SOURCE:2641-2678""]","[""/Users/william/nautilus/results/20260912_082449_jubias-anaf-gpt56sol-s59/logs/journal.json#nodes[12]""]",
jigsaw-unintended-bias-in-toxicity-classification,s58_s59,20260912_082449_jubias-anaf-gpt56sol-s59,837b2f6de8964f5d943f46af7e1928ae,F,S59,improve,1d0472fea592e9ddf1926a1ff4167d85ee98ae7af872b678ef246168848e7759,True,ok,Bias-aware hashed toxicity ranker,"Comments are Unicode/HTML cleaned; URLs, emails, mentions, identity aliases and selected contextual cues are tokenized. Hashed word 1–2 gram and character-within-word 3–5 gram features are combined with scaled numeric lexical, stylistic, cue, identity-window and neutralized-text-frequency features. A sparse EmbeddingBag wide component and LayerNorm–SiLU dense tower produce scaled combined logits. Soft toxicity labels are coerced to [0,1]; identity states distinguish present, absent and unknown. Training uses mean-normalized, clipped bias-aware example weights with weighted soft binary cross-entropy, overall ranking, and subgroup, BPSN and BNSP softplus ranking losses. Pair sides are capped and worse identity groups receive detached softmax emphasis. Adagrad uses separate wide and dense learning rates with gradient clipping. Seeded batches create deduplicated CSR sparse inputs. Inference applies sigmoid, verifies outputs, and clips probabilities. Checkpoints store model, optimizer, feature state, diagnostics and RNG state.","[""SOURCE:468-638"", ""SOURCE:641-689"", ""SOURCE:692-753"", ""SOURCE:756-868"", ""SOURCE:870-903"", ""SOURCE:909-1007"", ""SOURCE:1011-1154"", ""SOURCE:1157-1505"", ""SOURCE:1508-1567"", ""SOURCE:1627-1725"", ""SOURCE:1765-1850"", ""SOURCE:1853-2020"", ""SOURCE:2032-2057"", ""SOURCE:2061-2190"", ""SOURCE:2195-2331"", ""SOURCE:2332-2383""]","[""/Users/william/nautilus/results/20260912_082449_jubias-anaf-gpt56sol-s59/logs/journal.json#nodes[10]""]",
jigsaw-unintended-bias-in-toxicity-classification,s58_s59,20260912_082449_jubias-anaf-gpt56sol-s59,d7f30e98dc2b4b1e8e176b8488d15655,F,S59,debug,f443dd8aff69833d43ce9c887c9d8c75f9f16d0a4f3a4fc300ba7cbf26b72b3d,True,ok,Style-Gated Adversarial DeBERTa Toxicity Classifier,"Text is Unicode/HTML-normalized, with URLs, emails, IPs, user references and newlines replaced by tokens. Train-only identity-word substitutions create deterministic counterfactual texts for selected comments. Clipped standardized lexical/style features capture length, casing, punctuation, references, profanity, civility, pronouns, negation and abuse. A 256-token DeBERTa-v3-large encoder pools text into a toxicity representation; an MLP encodes style features and a learned gate controls their fused contribution. Four dropout toxicity heads are averaged. Optional subtype heads and gradient-reversed identity heads provide masked auxiliary supervision. The objective combines weighted BCE for soft and thresholded toxicity targets, masked subtype and adversarial identity BCE, counterfactual Smooth-L1 consistency, and stochastic-pass symmetric Bernoulli KL. AdamW uses layer-wise backbone learning-rate decay, higher head rates, warmup-cosine scheduling, mixed precision, accumulation and gradient clipping. Inference tokenizes text, computes style features, and outputs sigmoid toxicity probabilities.","[""SOURCE:116-156"", ""SOURCE:162-294"", ""SOURCE:300-496"", ""SOURCE:502-597"", ""SOURCE:668-765"", ""SOURCE:774-914"", ""SOURCE:925-1142"", ""SOURCE:1148-1244"", ""SOURCE:1308-1496"", ""SOURCE:1511-1557"", ""SOURCE:1577-1629"", ""SOURCE:1671-1729"", ""SOURCE:1731-1868""]","[""/Users/william/nautilus/results/20260912_082449_jubias-anaf-gpt56sol-s59/logs/journal.json#nodes[5]""]",
jigsaw-unintended-bias-in-toxicity-classification,s58_s59,20260912_082449_jubias-anaf-gpt56sol-s59,d9b76b3895c04617ab74d4bfaf21981c,F,S59,draft,3b8c6153ae001a2badcc57cea3d3d65202f64683c8354a6cdec42baeff1dbeaf,False,ok,Bias-aware hashed toxicity ranker,"Comments are Unicode/HTML normalized; controls, URLs, emails, mentions, and identity aliases are replaced with tokens. Context tokens represent identity, hostility, support, negation, and obfuscated profanity. Features combine L2-normalized hashed word 1–2-grams and within-word character 3–5-grams with lexical, style, identity-context, and text-frequency numeric features standardized on training data. A sparse EmbeddingBag wide component is added to a LayerNorm MLP dense tower with 64 and 24 SiLU units, dropout, learnable branch scales, and bias. Soft toxicity and auxiliary targets are numeric-coerced, imputed, and clipped. Identity-related sample weights are clipped and mean-normalized. Training uses weighted BCE and bounded pairwise ranking losses, emphasizing worse-performing groups. Adagrad updates sparse and dense parameters separately with gradient clipping. Batched inference uses sigmoid probabilities, validates and clips outputs, and checkpoints training and preprocessing state.","[""SOURCE:468-638"", ""SOURCE:641-689"", ""SOURCE:692-753"", ""SOURCE:756-868"", ""SOURCE:870-903"", ""SOURCE:909-1007"", ""SOURCE:1011-1154"", ""SOURCE:1157-1393"", ""SOURCE:1396-1459"", ""SOURCE:1487-1594"", ""SOURCE:1597-1631"", ""SOURCE:1632-1666"", ""SOURCE:1685-1824"", ""SOURCE:1834-1983""]","[""/Users/william/nautilus/results/20260912_082449_jubias-anaf-gpt56sol-s59/logs/journal.json#nodes[4]""]",
jigsaw-unintended-bias-in-toxicity-classification,s58_s59,20260912_082449_jubias-anaf-gpt56sol-s59,fcacf7fef8104c04b46ddd75e5f0c100,F,S59,debug,cab00c1c842c567929d6125517d493a933e9a7f78db24f3dfae11518a2eefdbe,True,ok,Bias-aware hashed toxicity classifier,"Comments are normalized by Unicode/HTML cleanup, control-text removal, URL/email/mention tokenization, identity-alias replacement, and synthetic context tokens for identity and profanity contexts. L2-normalized hashed word unigrams/bigrams and character-within-word 3–5 grams are combined with 28 lexical, stylistic, identity-context, and training-text-frequency features. Dense features are standardized using training data. Identity annotations create subgroup flags and clipped, normalized bias-aware sample weights. A sparse EmbeddingBag wide branch processes hashed features; a LayerNorm MLP with 64 and 24 SiLU units and dropout processes dense inputs. Scaled branch logits plus bias produce sigmoid probabilities. Training minimizes weighted soft-label binary cross-entropy, pairwise logistic ranking losses for overall and identity-related pair types, softmax-weighted group losses, and logit L2 regularization. Adagrad uses separate sparse/dense parameter groups and gradient clipping. CSR batches are built on demand; evaluation-mode batched inference clips finite probabilities to [0,1]. Checkpoints store model, optimizer, criterion, preprocessing state, configurations, and RNG states.","[""SOURCE:468-638"", ""SOURCE:641-753"", ""SOURCE:756-868"", ""SOURCE:870-903"", ""SOURCE:909-1007"", ""SOURCE:1011-1154"", ""SOURCE:1157-1393"", ""SOURCE:1396-1459"", ""SOURCE:1476-1625"", ""SOURCE:1632-1666"", ""SOURCE:1685-1845"", ""SOURCE:1849-1986""]","[""/Users/william/nautilus/results/20260912_082449_jubias-anaf-gpt56sol-s59/logs/journal.json#nodes[7]""]",
jigsaw-unintended-bias-in-toxicity-classification,s61_s62,20260914_062456_jubias-base-gpt56sol-s61,21a46713938c43ffb9587aa71ca3a29c,A,S61,debug,099e05ed7596fdf472c9e1f0d23be04d0ea97a02d19d6e395945415cd5117981,True,ok,Fairness-Regularized DeBERTa Toxicity Classifier,"The solution normalizes comment text, replaces URLs, emails, handles and IP addresses with placeholders, and tokenizes dynamically with the DeBERTa-v3-small tokenizer to 128 tokens. A pretrained encoder is mean-pooled over attended tokens, followed by dropout, projection, layer normalization, GELU and a toxicity logit head; optional subtype and identity heads are added. Identity prediction uses gradient reversal to encourage identity-invariant shared features. Training uses normalized sample and annotation-confidence weights, combining soft and hard toxicity BCE, masked subtype BCE, adversarial identity BCE, and a conditional squared-correlation penalty between toxicity probabilities and identity labels within positive and negative toxicity groups. AdamW uses separate encoder/head learning rates, no decay for bias or normalization parameters, warm-up then cosine decay, mixed precision, accumulation, and gradient clipping. Adversarial and decorrelation weights ramp during early updates. Inference disables reversal, dynamically pads batches, and applies sigmoid to toxicity logits.","[""SOURCE:86-134"", ""SOURCE:242-281"", ""SOURCE:817-936"", ""SOURCE:939-1203"", ""SOURCE:1215-1337"", ""SOURCE:1494-1518"", ""SOURCE:1539-1613"", ""SOURCE:1641-1687"", ""SOURCE:1744-1906""]","[""/Users/william/nautilus/results/20260914_062456_jubias-base-gpt56sol-s61/logs/journal.json#nodes[8]""]",
jigsaw-unintended-bias-in-toxicity-classification,s61_s62,20260914_062456_jubias-base-gpt56sol-s61,2338781e8bc041b7b141a940b87b59a4,A,S61,draft,319433292a154af705444e2d991c4051cca4022f93f6060c0fce1457926aef75,True,ok,Evidence-Gated ModernBERT Toxicity Classifier,"Comments are cleaned, HTML-unescaped, and normalized; emails and URLs are replaced, and long text is head-tail truncated. A heuristic focus view selects salient clauses using identity, hostility, threat, support, second-person, and punctuation cues. Standardized clipped numeric features capture text statistics, lexicon matches, identity counts, and identity-hostility proximity. A partially unfrozen pretrained ModernBERT encodes separately packed context and focus segments marked by added tokens. Attention pooling produces region vectors, which are combined with an MLP numeric embedding, absolute differences, and products. A context logit is adjusted by a gated focus delta; joint features predict toxicity subtypes and beta-binomial concentration. Training uses confidence-, subgroup-, rarity-, and annotator-informed weighted soft-target BCE, with optional beta-binomial, masked subtype, worst identity-toxicity-cell, and gate regularization losses. AdamW, mixed precision, gradient accumulation, clipping, and cosine scheduling optimize the model. Evaluation returns clipped toxicity probabilities.","[""SOURCE:117-152"", ""SOURCE:158-541"", ""SOURCE:544-780"", ""SOURCE:783-849"", ""SOURCE:851-931"", ""SOURCE:984-1027"", ""SOURCE:1033-1305"", ""SOURCE:1308-1556"", ""SOURCE:1574-1617"", ""SOURCE:1623-1695"", ""SOURCE:1723-1755"", ""SOURCE:1761-2017"", ""SOURCE:2029-2063"", ""SOURCE:2069-2147"", ""SOURCE:2299-2332"", ""SOURCE:2333-2373"", ""SOURCE:2379-2508""]","[""/Users/william/nautilus/results/20260914_062456_jubias-base-gpt56sol-s61/logs/journal.json#nodes[4]""]",
jigsaw-unintended-bias-in-toxicity-classification,s61_s62,20260914_062456_jubias-base-gpt56sol-s61,667512cfe81341f2a8bc416985de1914,A,S61,draft,1bdb12bd15b45b5fad45012456701dbadc9cefa5f1dce1158336fa14d78504b9,False,ok,Dual-view counterfactual toxicity classifier,"The system splits toxicity comments into training and validation data, cleans Unicode/HTML/control text, replaces URLs and emails, and constructs an identity-masked counterfactual view. It derives standardized numeric text and identity-context features, continuous toxicity targets, masked auxiliary toxicity/identity targets, and normalized identity-aware sample weights. A pretrained ModernBERT encoder processes original and masked tokenized comments; only its top four layers and normalization modules are trainable. Mean-pooled 384-dimensional view representations are fused with an MLP embedding of numeric features, their mean, absolute difference, and agreement. Averaged branch logits produce toxicity predictions, while an auxiliary multilabel head uses original, mean-view, and numeric representations. The loss combines weighted soft-label BCE, auxiliary BCE, symmetric Bernoulli-KL view consistency, and identity-partition pairwise ranking losses. AdamW uses separate encoder/head rates, cosine warmup, mixed precision, accumulation, finite-loss checks, and gradient clipping. Inference sigmoids and clips the averaged dual-view logit.","[""SOURCE:124-144"", ""SOURCE:312-327"", ""SOURCE:367-515"", ""SOURCE:548-575"", ""SOURCE:577-655"", ""SOURCE:719-769"", ""SOURCE:773-1011"", ""SOURCE:1014-1314"", ""SOURCE:1322-1360"", ""SOURCE:1365-1470"", ""SOURCE:1501-1511"", ""SOURCE:1513-1561"", ""SOURCE:1578-1650"", ""SOURCE:1770-1791"", ""SOURCE:1805-1898"", ""SOURCE:1924-2018"", ""SOURCE:2038-2200""]","[""/Users/william/nautilus/results/20260914_062456_jubias-base-gpt56sol-s61/logs/journal.json#nodes[1]""]",
jigsaw-unintended-bias-in-toxicity-classification,s61_s62,20260914_062456_jubias-base-gpt56sol-s61,7303e2cdba6943eeb85addce3cfae957,A,S61,debug,73d2f6a8b103c2d3d7df3a421322411a3cd85f8ac0e75fc2604612a78c4703fa,True,ok,Dual-View Counterfactual ModernBERT Toxicity Classifier,"The pipeline cleans comments, forms an identity-masked counterfactual view, and derives scaled numeric text, lexical, identity, and style features. Original and masked texts are jointly tokenized to 128 tokens and processed by ModernBERT, with only its top two transformer layers and named normalization modules trainable. Mean-pooled view embeddings are projected to 256 dimensions and numeric features use a 48-dimensional MLP. Toxicity prediction combines both views, their mean, absolute difference, agreement, and numeric features; the final logit averages view logits. An auxiliary identity head uses original, mean-view, and numeric representations. Training uses weighted toxicity and per-view BCE, view-consistency KL, masked auxiliary BCE, and identity-partition ranking losses. AdamW uses separate encoder and head rates, cosine warmup, mixed precision, accumulation, and gradient clipping. Inference applies sigmoid and clips probabilities.","[""SOURCE:363-569"", ""SOURCE:585-646"", ""SOURCE:775-815"", ""SOURCE:817-867"", ""SOURCE:893-1013"", ""SOURCE:1016-1316"", ""SOURCE:1526-1565"", ""SOURCE:1820-1913"", ""SOURCE:2053-2205""]","[""/Users/william/nautilus/results/20260914_062456_jubias-base-gpt56sol-s61/logs/journal.json#nodes[6]""]",
jigsaw-unintended-bias-in-toxicity-classification,s61_s62,20260914_062456_jubias-base-gpt56sol-s61,732bfac846334d4cb83cf12810f26fe9,A,S61,improve,a1dcd95c4a302b1725256719807710616bd42a4e854d3f0c3cfcaca20b3d31e9,True,ok,Evidence-Focused ModernBERT Toxicity Classifier,"The solution preprocesses comments by HTML/control cleanup, email/URL masking, lexicon-based identity and hostility analysis, and construction of context, analysis, and clause-selected focus views. It standardizes clipped style, lexical, identity, proximity, and identity-specific numeric features using training data only, and forms continuous/thresholded toxicity and masked auxiliary labels. A ModernBERT-large model receives packed, separately budgeted context and focus text plus numeric features. It attention-pools both regions, encodes numeric inputs with an MLP, models vector interactions, and adjusts a context toxicity logit through a gated focus delta; it also predicts beta-binomial concentration and optional subtypes. The composite loss includes weighted toxicity BCE, optional annotator-count beta-binomial likelihood, masked subtype BCE, worst identity/toxicity-cell loss, and gate regularization. Identity-aware sampling balances identity/toxicity cells. Training freezes lower encoder layers, uses AdamW, mixed precision, accumulation, clipping, and warmup-cosine scheduling. Inference uses deterministic loaders and clipped probabilities.","[""SOURCE:119-152"", ""SOURCE:158-541"", ""SOURCE:544-780"", ""SOURCE:783-850"", ""SOURCE:854-931"", ""SOURCE:984-1027"", ""SOURCE:1033-1305"", ""SOURCE:1308-1544"", ""SOURCE:1574-1617"", ""SOURCE:1623-1695"", ""SOURCE:1723-1755"", ""SOURCE:1819-2165"", ""SOURCE:2318-2366"", ""SOURCE:2418-2496"", ""SOURCE:2512-2629"", ""SOURCE:2651-2696""]","[""/Users/william/nautilus/results/20260914_062456_jubias-base-gpt56sol-s61/logs/journal.json#nodes[10]""]",
jigsaw-unintended-bias-in-toxicity-classification,s61_s62,20260914_062456_jubias-base-gpt56sol-s61,935c1a648ff34963b3d5bb7074b9454b,A,S61,debug,12c556d9f89a0fae73060082c4bb4ed78b9328de69322add4f9aea806c80c2c8,False,ok,Dual-View ModernBERT Toxicity Classifier,"The solution trains a dual-view toxicity classifier on original comments and identity-masked counterfactual versions. Text is Unicode/HTML-normalized; URLs and emails are replaced, identity terms are masked, and scaled text-statistic and binary lexical/context features are computed. Toxicity and identity annotations become masked auxiliary targets, with missing values zero-filled after validity masks are recorded. A shared ModernBERT encoder mean-pools token states; only its top four layers and direct normalization modules are fine-tuned. Numeric features pass through a two-layer MLP. Representations from both views, their mean, absolute difference and product are combined for toxicity and auxiliary heads. The final toxicity logit averages per-view logits. Losses include weighted primary and per-view BCE, symmetric Bernoulli-KL consistency, masked weighted auxiliary BCE, and softplus-margin ranking losses over identity subgroup partitions. AdamW, warmup-plus-cosine scheduling, mixed precision, accumulation and gradient clipping are used. Inference sigmoid-transforms and clips averaged logits.","[""SOURCE:124-144"", ""SOURCE:312-327"", ""SOURCE:367-575"", ""SOURCE:577-655"", ""SOURCE:719-769"", ""SOURCE:773-1019"", ""SOURCE:1022-1311"", ""SOURCE:1325-1478"", ""SOURCE:1504-1519"", ""SOURCE:1521-1569"", ""SOURCE:1586-1655"", ""SOURCE:1729-1784"", ""SOURCE:1807-1900"", ""SOURCE:1926-2017"", ""SOURCE:2040-2202""]","[""/Users/william/nautilus/results/20260914_062456_jubias-base-gpt56sol-s61/logs/journal.json#nodes[3]""]",
jigsaw-unintended-bias-in-toxicity-classification,s61_s62,20260914_062456_jubias-base-gpt56sol-s61,9dadf21ecaf44a398a25a0bed6a04e0a,A,S61,improve,c2287f9dee86c3c438788ec2aeb684cf02cb6669b51cbcaa141df5e984fd3574,True,ok,Evidence-Focused ModernBERT Toxicity Classifier,"The system cleans comments, creates head-tail context and lexicon-scored focus clauses, and derives standardized, clipped numeric text and identity features using training-only fitting. It packs separately truncated context and focus tokens with learned marker tokens for a partially unfrozen ModernBERT encoder. Masked pools for both regions, numeric-feature embeddings, their difference, and product feed interaction layers. Toxicity is predicted as a context logit plus a gated focus adjustment; optional subtype logits and beta-binomial vote concentration are also produced. The loss combines confidence- and subgroup-weighted soft-label BCE, optional vote likelihood, masked subtype BCE, worst identity/toxicity-cell loss, and gate regularization. Fairness-oriented sampling rotates across identity/background and toxic/non-toxic cells. AdamW uses differentiated backbone/head rates, warmup-cosine scheduling, mixed precision, accumulation, and gradient clipping. Inference preserves input order and clips probabilities; checkpoints include model, tokenizer, scaler, preprocessing metadata, and training state.","[""SOURCE:119-152"", ""SOURCE:467-543"", ""SOURCE:544-780"", ""SOURCE:783-849"", ""SOURCE:854-931"", ""SOURCE:984-1027"", ""SOURCE:1033-1305"", ""SOURCE:1308-1556"", ""SOURCE:1562-1569"", ""SOURCE:1574-1617"", ""SOURCE:1623-1695"", ""SOURCE:1723-1755"", ""SOURCE:1761-1791"", ""SOURCE:1819-2165"", ""SOURCE:2168-2297"", ""SOURCE:2318-2366"", ""SOURCE:2388-2412"", ""SOURCE:2418-2482"", ""SOURCE:2512-2568"", ""SOURCE:2648-2721"", ""SOURCE:2727-2848""]","[""/Users/william/nautilus/results/20260914_062456_jubias-base-gpt56sol-s61/logs/journal.json#nodes[7]""]",
jigsaw-unintended-bias-in-toxicity-classification,s61_s62,20260914_062456_jubias-base-gpt56sol-s61,a6eb3390241e4e908fccc9e78204c8cb,A,S61,draft,4e7baac5dbde15f5d6d7c009780cc4c0b6fb205bcd668687af23802a85e85b20,False,ok,DeBERTa Ordinal Toxicity Prediction Pipeline,"The pipeline normalizes comment text, separates quoted speech, replaces URLs/emails with markers, and builds a model-text view. It extracts 29 handcrafted linguistic features and duplicate-hash statistics; training duplicate priors use leave-one-out smoothing, while validation/test use training-derived statistics. Features are standardized on training data. A partially fine-tuned DeBERTa-v3-large encoder combines CLS, learned masked attention pooling, and an MLP over numeric features. A fusion network produces monotonic 19-threshold ordinal outputs, binary and fractional toxicity outputs, and optional auxiliary labels. Loss combines confidence-weighted ordinal and binary BCE, Smooth-L1 regression, auxiliary BCE, and identity-stratified pairwise ranking. Sampling with replacement upweights toxic and identity cases; text is occasionally replaced by the clean view. Long sequences retain head and tail portions. AdamW uses layer-wise backbone decay, separate head rates, warm-up/cosine scheduling, AMP, accumulation, and gradient clipping. Inference uses model-text predictions clipped to [0,1].","[""SOURCE:108-156"", ""SOURCE:459-643"", ""SOURCE:653-849"", ""SOURCE:855-1005"", ""SOURCE:1009-1322"", ""SOURCE:1325-1540"", ""SOURCE:1542-1565"", ""SOURCE:1577-1658"", ""SOURCE:1664-1697"", ""SOURCE:1703-1782"", ""SOURCE:1819-1885"", ""SOURCE:1969-2021"", ""SOURCE:2027-2128"", ""SOURCE:2309-2331"", ""SOURCE:2345-2387"", ""SOURCE:2389-2514""]","[""/Users/william/nautilus/results/20260914_062456_jubias-base-gpt56sol-s61/logs/journal.json#nodes[9]""]",
jigsaw-unintended-bias-in-toxicity-classification,s61_s62,20260914_062456_jubias-base-gpt56sol-s61,d3d4c16f3cce4c16944bb9429532c6e4,A,S61,improve,4c011fc25d7583be81f0546ea1165160f78d2984c9c69f2a21e92147756e934a,False,ok,DeBERTa Toxicity Classifier with Fairness Regularization,"The solution normalizes comments, masks URLs, emails, handles and IP addresses, and tokenizes text with a DeBERTa-v3-small tokenizer using length 128 and dynamic padding. It predicts toxicity from mean-pooled transformer features processed by dropout, projection, layer normalization and GELU; optional subtype and identity heads use available masked labels. Training weights upweight toxic and identity-related examples, including non-toxic identity mentions and rarer groups, and incorporate normalized annotator-count confidence. The loss combines weighted BCE for continuous and thresholded toxicity targets, masked subtype BCE, gradient-reversed identity BCE, and class-conditional toxicity–identity correlation penalties. AdamW uses separate encoder/head learning rates and excludes bias and normalization parameters from weight decay. AMP training uses shuffled batches, accumulation, clipping, warmup-cosine scheduling, and ramped adversarial/fairness terms. Inference disables gradient reversal and applies sigmoid to toxicity logits; checkpoints retain model, tokenizer, configuration and training state.","[""SOURCE:86-134"", ""SOURCE:242-281"", ""SOURCE:420-519"", ""SOURCE:817-931"", ""SOURCE:934-1198"", ""SOURCE:1210-1333"", ""SOURCE:1489-1513"", ""SOURCE:1534-1608"", ""SOURCE:1636-1682"", ""SOURCE:1739-1916""]","[""/Users/william/nautilus/results/20260914_062456_jubias-base-gpt56sol-s61/logs/journal.json#nodes[5]""]",
jigsaw-unintended-bias-in-toxicity-classification,s61_s62,20260914_062456_jubias-base-gpt56sol-s61,d8f5474dc1d64750b10400938937af93,A,S61,draft,149b69b1cf0cd8970e0a90a28155e39dccb408766b0716af9d6785466e746dd6,True,ok,Sparse Wide-Deep Toxicity Classifier,"The solution normalizes comment text and replaces URLs, emails, handles and IP addresses with markers. It combines standardized dense stylistic, lexical and identity-related features with L2-normalized hashed word 1–2 gram and character 3–5 gram CSR features. Sparse embedding bags produce wide scalars and deep vectors; dense features encode gating signals for word and character views. Gated vectors are fused, normalized, processed by a low-rank nonlinear cross layer and context encoder, then scored with a deep toxicity head plus scaled wide scores. Optional subtype heads use context features. An identity classifier receives gradient-reversed crossed features. Training uses weighted toxicity BCE with soft and hard targets, masked subtype BCE, adversarial identity BCE, conditional within-class identity–toxicity correlation penalties, and wide-logit regularization. Sparse parameters use SparseAdam and other parameters AdamW, with warm-up/cosine schedules, adversarial-loss ramps, and dense-gradient clipping. Inference disables reversal and sigmoid-transforms toxicity logits.","[""SOURCE:128-136"", ""SOURCE:244-283"", ""SOURCE:286-390"", ""SOURCE:404-433"", ""SOURCE:443-474"", ""SOURCE:481-580"", ""SOURCE:626-729"", ""SOURCE:801-873"", ""SOURCE:876-1146"", ""SOURCE:1225-1254"", ""SOURCE:1344-1449"", ""SOURCE:1479-1504"", ""SOURCE:1545-1619"", ""SOURCE:1642-1773"", ""SOURCE:1790-1927""]","[""/Users/william/nautilus/results/20260914_062456_jubias-base-gpt56sol-s61/logs/journal.json#nodes[2]""]",
jigsaw-unintended-bias-in-toxicity-classification,s61_s62,20260914_070227_jubias-base-gpt56sol-s62,0c3ea5efda644b578b1d3c9b82e6bbc7,A,S62,improve,719aadb82c01619c17bb1739f2d3477e22a6ef48e9b605f93ae927f2c3ffc63d,True,ok,Fairness-Aware ModernBERT Toxicity Classifier,"Comments are cleaned by Unicode/HTML normalization and replacement of URLs, emails and IPs, then represented by tokenized text and 22 standardized style/lexicon features. A pretrained ModernBERT-large encoder pools CLS and masked mean embeddings, fuses projected non-identity numeric features, and outputs toxicity and subtype logits. A gradient-reversal identity head discourages identity information in the fused representation. Training combines weighted toxicity BCE, masked subtype BCE, adversarial identity BCE, overall and subgroup/background ranking losses with smooth worst-group aggregation, plus optional masked-identity counterfactual BCE and logit-consistency loss. Fairness batches sample an identity and its toxic/non-toxic subgroup and background pools; ordinary and fairness batches alternate. AdamW uses separate backbone/head rates, warmup-cosine scheduling, mixed precision, accumulation and gradient clipping. At inference, identity-lexicon rows whose masked text changes are scored twice and blend original and masked logits before sigmoid clipping.","[""SOURCE:167-197"", ""SOURCE:207-350"", ""SOURCE:459-512"", ""SOURCE:519-647"", ""SOURCE:655-741"", ""SOURCE:752-793"", ""SOURCE:846-914"", ""SOURCE:917-1192"", ""SOURCE:1195-1509"", ""SOURCE:1510-1585"", ""SOURCE:1596-1708"", ""SOURCE:1730-1919"", ""SOURCE:1933-2053"", ""SOURCE:2204-2227"", ""SOURCE:2252-2477"", ""SOURCE:2717-2864""]","[""/Users/william/nautilus/results/20260914_070227_jubias-base-gpt56sol-s62/logs/journal.json#nodes[6]""]",
jigsaw-unintended-bias-in-toxicity-classification,s61_s62,20260914_070227_jubias-base-gpt56sol-s62,0f2fc18130c04a88b860efb40b97690a,A,S62,draft,6f358dc5d09268a8bbe2e3dd4f6ad52cfc68781eb1e110b12e8a27fccb634dec,True,ok,Identity-aware multi-view toxicity classifier,"The solution normalizes comments and creates original, identity-abstracted, and identity-counterfactual text views. It extracts 32 standardized, clipped numeric features and constructs soft toxicity, subtype, subgroup, BPSN, and BNSP targets with identity-aware sample weights. Abstracted text is processed by a partially fine-tuned ModernBERT encoder, while original and counterfactual UTF-8 byte sequences are processed by dilated depthwise-convolution encoders; numeric features use an MLP. Gated fusion combines semantic and style representations. The model produces a main toxicity logit, original- and counterfactual-view auxiliary logits, and optional masked subtype predictions. Its loss combines weighted soft-label BCE, smooth-max class-balanced metric-cell loss, auxiliary-view BCE, subtype BCE, and counterfactual consistency. Training uses AdamW with backbone/head parameter groups, warm-up and cosine learning-rate decay, mixed precision, and gradient clipping. Inference blends sigmoid probabilities from the three toxicity logits using 0.80, 0.10, and 0.10 weights.","[""SOURCE:97-146"", ""SOURCE:381-438"", ""SOURCE:441-596"", ""SOURCE:599-697"", ""SOURCE:700-744"", ""SOURCE:841-845"", ""SOURCE:848-1168"", ""SOURCE:1171-1338"", ""SOURCE:1341-1437"", ""SOURCE:1484-1486"", ""SOURCE:1491-1503"", ""SOURCE:1520-1625"", ""SOURCE:1731-1745"", ""SOURCE:2042-2157""]","[""/Users/william/nautilus/results/20260914_070227_jubias-base-gpt56sol-s62/logs/journal.json#nodes[11]""]",
jigsaw-unintended-bias-in-toxicity-classification,s61_s62,20260914_070227_jubias-base-gpt56sol-s62,17092cb8366b4f61832f5df6bfe179ca,A,S62,draft,32637b51cf84125576194594edb3f3d2939d2d79e77f95ed318ba44bf0c8972a,True,ok,Sparse Wide-Deep Toxicity Predictor,"The solution normalizes comment text, replaces URLs, emails, mentions and obfuscated profanity, and derives stylometric, toxic-term, identity-term, frequency and smoothed target-history features. Text uses training-fitted hashed word unigram/bigram TF-IDF features; numeric features are standardized from training data. Samples are weighted by clipped inverse-square-root target/identity cell frequency. A sparse wide embedding yields a bag-level logit, while sparse context embeddings and encoded numeric features are fused by a sigmoid gate, interaction and shared GELU/dropout MLP. The final toxicity logit combines scaled wide and residual logits; optional subtype heads use available labels. Training uses weighted BCE for fractional toxicity, masked subtype BCE, global pairwise ranking, and smooth worst-slice ranking losses over identity-defined groups, with deterministic pair caps. Sparse parameters use SparseAdam and remaining parameters AdamW; dense gradients are clipped. Batched inference returns clipped sigmoid probabilities. Checkpoints store weights, configuration, feature schema and preprocessing state.","[""SOURCE:137-143"", ""SOURCE:197-295"", ""SOURCE:303-424"", ""SOURCE:455-471"", ""SOURCE:481-534"", ""SOURCE:551-633"", ""SOURCE:674-725"", ""SOURCE:729-845"", ""SOURCE:853-1127"", ""SOURCE:1135-1191"", ""SOURCE:1300-1331"", ""SOURCE:1412-1451"", ""SOURCE:1456-1484"", ""SOURCE:1491-1503"", ""SOURCE:1513-1524"", ""SOURCE:1575-1629"", ""SOURCE:1645-1728""]","[""/Users/william/nautilus/results/20260914_070227_jubias-base-gpt56sol-s62/logs/journal.json#nodes[2]""]",
jigsaw-unintended-bias-in-toxicity-classification,s61_s62,20260914_070227_jubias-base-gpt56sol-s62,26e0b026dd854d80bcbd6d4c017c5259,A,S62,improve,0dd1a56beafb313de098aabd1e9ded986a2eae25b0dfb60073f58d6fe5e33a26,True,ok,Lexicon-Guided Weak-Span Toxicity Classifier,"Comments are split externally, normalized, and augmented with standardized style features, identity indicators, and lexicon-derived toxic-evidence text. A binary training vocabulary estimates smoothed term log-odds from soft toxicity labels; high-evidence sentences, identity context, and truncated original text form model input. A ModernBERT-large encoder freezes lower layers while fine-tuning its final six layers and normalization. CLS and learned attention pooling produce toxicity and identity representations; numeric features are fused through an MLP. Toxicity combines a global logit with gated top-k token-span evidence, with subtype, identity, and uncertainty heads. Training uses fractional targets and weights reflecting subgroup/rarity, certainty, and annotator reliability. The objective includes weighted BCE and configurable beta-binomial, robust subgroup, global/span, masked auxiliary, orthogonality, and concentration terms. AdamW, layer-wise learning rates, warmup-cosine scheduling, AMP, accumulation, clipping, and length-bucketed batches are used. Batched evaluation returns clipped sigmoid probabilities and auxiliary outputs; checkpoints retain trainable state and preprocessing metadata.","[""SOURCE:123-161"", ""SOURCE:319-406"", ""SOURCE:413-480"", ""SOURCE:496-733"", ""SOURCE:737-753"", ""SOURCE:780-850"", ""SOURCE:874-902"", ""SOURCE:908-975"", ""SOURCE:1079-1394"", ""SOURCE:1397-1489"", ""SOURCE:1491-1522"", ""SOURCE:1524-1726"", ""SOURCE:1729-1757"", ""SOURCE:1763-1851"", ""SOURCE:1857-1959"", ""SOURCE:1963-2145"", ""SOURCE:2150-2178"", ""SOURCE:2182-2221"", ""SOURCE:2222-2270"", ""SOURCE:2292-2400"", ""SOURCE:2404-2532"", ""SOURCE:2535-2669""]","[""/Users/william/nautilus/results/20260914_070227_jubias-base-gpt56sol-s62/logs/journal.json#nodes[13]""]",
jigsaw-unintended-bias-in-toxicity-classification,s61_s62,20260914_070227_jubias-base-gpt56sol-s62,28061764c43240299fcea9608efc832a,A,S62,debug,61d0fe1f789f85f3941a5eba4277442f7cf94ea7c98a4026e22051456b393206,True,ok,Quote-Aware Evidential DeBERTa Toxicity Classifier,"The system normalizes comment text, detects block, line and inline quotations, marks author and quoted spans, and derives clipped text, discourse and identity features separately by span. It trains a DeBERTa-v3-large model with added span tokens; valid token states are attention-pooled for author and quote content, fused with selected numeric features, and passed to toxicity and optional subtype heads. A concentration head outputs bounded Beta parameters using fused and numeric features. Supervision uses soft toxicity labels, masked subtype labels, annotation counts and confidence/identity-derived weights. Loss combines weighted soft-label BCE, beta-binomial likelihood, masked subtype BCE, quote-removal consistency for qualifying examples, and author/quote representation-similarity regularization. Only the final four backbone layers are trainable. A shuffled round-robin sampler balances identity-mention and binary-toxicity cells. AdamW, mixed precision, accumulation, clipping, warmup and inverse-square-root decay are used. Inference returns clipped toxicity probabilities; checkpoints retain trainable weights, special embeddings, tokenizer and preprocessing artifacts.","[""SOURCE:105-503"", ""SOURCE:537-710"", ""SOURCE:745-787"", ""SOURCE:795-1185"", ""SOURCE:1188-1418"", ""SOURCE:1432-1515"", ""SOURCE:1522-1617"", ""SOURCE:1639-1762"", ""SOURCE:1772-1933"", ""SOURCE:1941-2012"", ""SOURCE:2051-2149"", ""SOURCE:2196-2209"", ""SOURCE:2216-2223"", ""SOURCE:2230-2357""]","[""/Users/william/nautilus/results/20260914_070227_jubias-base-gpt56sol-s62/logs/journal.json#nodes[9]""]",
jigsaw-unintended-bias-in-toxicity-classification,s61_s62,20260914_070227_jubias-base-gpt56sol-s62,4799b8db48bf4f25bc7e00631297e497,A,S62,improve,c3132ac70ec77f8237d70712ea4b67b621e1be0d02a906c66193c86036eabbbc,True,ok,History-Augmented Sparse Toxicity Network,"The solution normalizes comment text, builds stylometric features, hashed word unigram/bigram TF-IDF features, and head-tail hashed character 3–5-gram features. It adds normalized-text repetition statistics and leave-one-out smoothed target histories for training, with training-derived aggregates for validation/test. Numeric features are training-standardized. A neural model combines sparse word and character EmbeddingBag wide logits with normalized lexical embeddings, a GELU/dropout numeric encoder, gated lexical features, lexical-numeric interactions, and an MLP residual logit; an optional head predicts subtypes. It uses weighted fractional-label BCE, masked subtype BCE, global ranking loss, and smooth worst-slice ranking losses for subgroup, BPSN, and BNSP identity cells. Batches reserve identity/target-cell examples alongside uniform rows. Sparse parameters use SparseAdam and remaining parameters AdamW; dense gradients are clipped. Evaluation outputs clipped toxicity probabilities and computes overall and identity-slice AUCs.","[""SOURCE:74-155"", ""SOURCE:162-316"", ""SOURCE:324-495"", ""SOURCE:502-586"", ""SOURCE:603-702"", ""SOURCE:721-728"", ""SOURCE:733-943"", ""SOURCE:951-1225"", ""SOURCE:1233-1331"", ""SOURCE:1368-1426"", ""SOURCE:1429-1671"", ""SOURCE:1674-1819"", ""SOURCE:1839-2012"", ""SOURCE:2135-2213"", ""SOURCE:2220-2312""]","[""/Users/william/nautilus/results/20260914_070227_jubias-base-gpt56sol-s62/logs/journal.json#nodes[8]""]",
jigsaw-unintended-bias-in-toxicity-classification,s61_s62,20260914_070227_jubias-base-gpt56sol-s62,6ffee25107524d718090ce7bb46e5a7f,A,S62,draft,18f5f4925b28608ecc22b687163a2f65e5690724704af839be327e92d3afc2ee,True,ok,Adversarial ModernBERT Toxicity Classifier,"The solution normalizes comment text, replaces URLs, emails and IPs with tokens, removes artifacts, and derives standardized non-identity numeric text features. It uses runtime splits, weighted examples emphasizing toxicity and identity-related cases, and optional identity-term masking for counterfactual inputs. A partially unfrozen ModernBERT-large encodes 256-token text; CLS and masked-mean embeddings are projected and fused with projected numeric features. Heads predict toxicity and subtypes, while a gradient-reversal head predicts identity labels adversarially. Training combines weighted toxicity BCE, ranking losses for overall and subgroup/background cases, smooth worst-group aggregation, masked class-weighted subtype/identity BCE, and counterfactual BCE plus logit consistency. AdamW uses separate backbone and head rates, warmup-cosine scheduling, mixed precision, accumulation, finite-loss checks and gradient clipping. Evaluation tokenizes text, applies sigmoid and clips probabilities. Checkpoints retain trainable parameters, preprocessing, tokenizer, scaler and retained feature indices.","[""SOURCE:43-59"", ""SOURCE:127-137"", ""SOURCE:162-205"", ""SOURCE:212-338"", ""SOURCE:344-472"", ""SOURCE:480-617"", ""SOURCE:670-738"", ""SOURCE:741-761"", ""SOURCE:768-1016"", ""SOURCE:1019-1373"", ""SOURCE:1376-1512"", ""SOURCE:1547-1678"", ""SOURCE:1771-1786"", ""SOURCE:1794-1817"", ""SOURCE:1842-1933"", ""SOURCE:1961-2050"", ""SOURCE:2163-2274"", ""SOURCE:2275-2307""]","[""/Users/william/nautilus/results/20260914_070227_jubias-base-gpt56sol-s62/logs/journal.json#nodes[1]""]",
jigsaw-unintended-bias-in-toxicity-classification,s61_s62,20260914_070227_jubias-base-gpt56sol-s62,76ba6a1ba2a84a5abd986b397c88f3ee,A,S62,fusion_draft,a6068c00c5ac64be16830ac67b19fe39246057e3c7ee31c6d45d52da7d9af851,True,ok,Fairness-Aware Dual-Hash Wide-Deep Toxicity Model,"Text is identity-neutralized by removing listed identity lexemes, replacing URLs, truncating long comments with a gap marker, and adding punctuation, length, URL and non-ASCII features. Word 1–2-grams and boundary character 3–5-grams are hashed into normalized sparse inputs. Weighted word and character embedding bags produce a wide logit and latent features for a LayerNorm MLP that outputs toxicity plus six subtype logits. Batches combine ordinary examples with quota-balanced toxic/non-toxic subgroup and background examples across selected identities, using clipped inverse-square-root prevalence sampling. The objective combines weighted BCE on smoothed toxicity targets, masked subtype BCE, and capped pairwise softplus ranking losses for subgroup/background comparisons, including a smooth worst-group identity term. SparseAdam updates embedding tables and AdamW updates remaining parameters, with dense-gradient clipping. Batched validation/test inference applies sigmoid to toxicity logits and clamps probabilities; runtime code handles split, checkpointing, stopping and submission export.","[""SOURCE:76-268"", ""SOURCE:271-361"", ""SOURCE:427-578"", ""SOURCE:601-713"", ""SOURCE:739-765"", ""SOURCE:767-808"", ""SOURCE:810-891"", ""SOURCE:893-999""]","[""/Users/william/nautilus/results/20260914_070227_jubias-base-gpt56sol-s62/logs/journal.json#nodes[12]""]",
jigsaw-unintended-bias-in-toxicity-classification,s61_s62,20260914_070227_jubias-base-gpt56sol-s62,7c624b6f670046d78091e0be766881c0,A,S62,debug,b6a1dece34ce7136db960425b1bdea7b3e3a2f432d8e9dbe2bbd5dc08cc5b71e,False,ok,Quote-Aware Evidential Toxicity Classifier,"Comments are cleaned and tagged for author and quoted spans, then represented with scaled text, discourse, quotation and identity-related numeric features. A DeBERTa-v3-large encoder with added discourse tokens pools author and quote tokens separately using learned masked attention. Projected author, gated quote, interaction and difference vectors are fused with selected numeric features for dropout-averaged toxicity and subtype predictions; an author-only branch provides a counterfactual prediction. A detached fused representation and numeric features parameterize Beta evidence, with its mean used as toxicity probability. Training combines weighted soft-label BCE, beta-binomial annotation-count likelihood, masked subtype BCE, quote-invariance and representation-separation losses. Identity/toxicity-stratified sampling, AdamW, mixed precision, gradient accumulation, clipping, warmup followed by inverse-square-root decay, and cached evaluation inputs are used. Inference clips output probabilities.","[""SOURCE:105-503"", ""SOURCE:537-684"", ""SOURCE:686-710"", ""SOURCE:745-787"", ""SOURCE:795-1185"", ""SOURCE:1188-1418"", ""SOURCE:1432-1515"", ""SOURCE:1522-1555"", ""SOURCE:1561-1617"", ""SOURCE:1639-1762"", ""SOURCE:1772-1933"", ""SOURCE:1941-2012"", ""SOURCE:2230-2275"", ""SOURCE:2281-2357""]","[""/Users/william/nautilus/results/20260914_070227_jubias-base-gpt56sol-s62/logs/journal.json#nodes[7]""]",
jigsaw-unintended-bias-in-toxicity-classification,s61_s62,20260914_070227_jubias-base-gpt56sol-s62,b5f17090c9be4210b858a45b9077628e,A,S62,draft,31e15d3c60b4fee99e8d8bbf0023fc84703da885438911f3c90649447fd13538,True,ok,Evidence-Augmented Weak-Span ModernBERT Toxicity Classifier,"The solution normalizes comments, derives style features, and builds training-only term log-odds evidence scores to select toxic and identity-context sentences alongside truncated full text. It upweights identity subgroup samples, rare subgroup negatives, confident targets, and reliable annotator counts. A partly frozen ModernBERT-large encoder combines CLS and learned attention pooling; toxicity and identity representations are separated, with scaled numeric features fused into toxicity prediction. The toxicity logit combines a global head with a gated local-span score from top-eight non-special token logits. Auxiliary heads predict concentration, toxicity subtypes, and identities. The loss includes weighted soft BCE, optional beta-binomial likelihood, smooth worst-cell subgroup loss, global/span and masked multilabel auxiliary BCE, representation decorrelation, and concentration regularization. Training uses length-bucketed batches, AMP, gradient accumulation, clipping, AdamW with layer-wise learning rates, warmup-cosine scheduling, and selective weight decay. Inference returns clipped sigmoid toxicity probabilities.","[""SOURCE:123-161"", ""SOURCE:319-406"", ""SOURCE:413-478"", ""SOURCE:493-694"", ""SOURCE:705-776"", ""SOURCE:781-843"", ""SOURCE:849-900"", ""SOURCE:905-1218"", ""SOURCE:1224-1485"", ""SOURCE:1491-1550"", ""SOURCE:1553-1581"", ""SOURCE:1587-1656"", ""SOURCE:1680-1750"", ""SOURCE:1761-1968"", ""SOURCE:1973-2109"", ""SOURCE:2226-2233"", ""SOURCE:2234-2241"", ""SOURCE:2247-2383""]","[""/Users/william/nautilus/results/20260914_070227_jubias-base-gpt56sol-s62/logs/journal.json#nodes[10]""]",
jigsaw-unintended-bias-in-toxicity-classification,s61_s62,20260914_070227_jubias-base-gpt56sol-s62,d43cba5b153e40a5ae7b443b2bf099d7,A,S62,improve,12ef9b5fa5ff2d6a9fbb67e245f96d569d5946bb3be85b7b29d4b87fb16108ce,True,ok,Sparse Wide-Deep Toxicity Classifier,"The solution normalizes comments, handles entities and obfuscated profanity, and builds stylometric, toxic/identity-term, text-history, and standardized numeric features. Text uses training-fitted IDF and L2-normalized sublinear hashed word/bigram TF features in a 2^20 sparse space. Repeat-text histories use leave-one-out training values and smoothed priors. Metric-aware sample weights derive from target and identity-cell frequencies. A sparse EmbeddingBag wide branch produces a linear toxicity logit; a context EmbeddingBag is normalized and gated by a numeric LayerNorm/GELU/dropout encoder. Their numeric, gated, and interaction features feed a residual trunk producing toxicity and optional subtype logits. Training combines weighted soft-label BCE, masked subtype BCE, and capped pairwise ranking losses for overall and identity, BPSN, and BNSP comparisons, with smooth worst-slice identity aggregation. Sparse parameters use SparseAdam; other parameters use AdamW with dense gradient clipping. Identity-cell quota batches provide coverage. Inference batches probabilities in evaluation mode and clips outputs.","[""SOURCE:137-143"", ""SOURCE:197-295"", ""SOURCE:303-424"", ""SOURCE:455-471"", ""SOURCE:481-534"", ""SOURCE:551-633"", ""SOURCE:674-725"", ""SOURCE:729-845"", ""SOURCE:853-1127"", ""SOURCE:1135-1191"", ""SOURCE:1270-1423"", ""SOURCE:1451-1580"", ""SOURCE:1597-1706"", ""SOURCE:1709-1781"", ""SOURCE:1803-1927"", ""SOURCE:1942-2025""]","[""/Users/william/nautilus/results/20260914_070227_jubias-base-gpt56sol-s62/logs/journal.json#nodes[5]""]",
jigsaw-unintended-bias-in-toxicity-classification,s61_s62,20260914_070227_jubias-base-gpt56sol-s62,f6bdf93138254764992647084c3bf1df,A,S62,draft,f234d65f77ff9d02aa070abb2a0e917d229512cd360c2b14c87ba6c7e15592ef,False,ok,Quote-Aware Evidential DeBERTa Toxicity Model,"Comments are normalized into author and quoted spans with discourse markers, while numeric text, quotation, discourse and identity-mention features are standardized using training data. Targets include soft toxicity, masked subtype labels, annotation counts and confidence-based weights. A DeBERTa-v3-large backbone fine-tunes its last four layers. Learned masked-attention pools separately summarize author and quote tokens; projected author, gated quote, interaction and numeric features feed toxicity, author-only counterfactual and subtype heads. A concentration head parameterizes a Beta distribution from detached fused representations and numeric features. The loss combines weighted soft-label BCE, beta-binomial likelihood, masked subtype BCE, non-toxic quote-invariance and author/quote representation-separation terms. Training interleaves identity/toxicity strata and uses AdamW, mixed precision, accumulation, gradient clipping, warmup and inverse-square-root decay. Validation and test inference use cached fixed-length tokenized inputs and clipped probabilities.","[""SOURCE:105-503"", ""SOURCE:537-710"", ""SOURCE:745-787"", ""SOURCE:795-1185"", ""SOURCE:1188-1425"", ""SOURCE:1434-1522"", ""SOURCE:1529-1557"", ""SOURCE:1564-1624"", ""SOURCE:1646-1769"", ""SOURCE:1779-1900"", ""SOURCE:1903-2019"", ""SOURCE:2058-2156"", ""SOURCE:2202-2216"", ""SOURCE:2223-2230"", ""SOURCE:2237-2282"", ""SOURCE:2285-2364""]","[""/Users/william/nautilus/results/20260914_070227_jubias-base-gpt56sol-s62/logs/journal.json#nodes[4]""]",
jigsaw-unintended-bias-in-toxicity-classification,s61_s62,20260914_070227_jubias-base-gpt56sol-s62,f6d035418b0a409ab7d51a04ea5199c8,A,S62,improve,8ae0b066544e9d0e6b8c6112abab5178b5fa41f2170f321ad876860fc0803cb9,True,ok,Fairness-Aware ModernBERT Toxicity Classifier,"The solution normalizes and tokenizes comment text, optionally masks identity terms, and derives standardized non-identity numeric text features. It builds identity-by-toxicity pools and alternates ordinary batches with fairness batches sampled from eligible identities and four subgroup/background toxicity pools. A partially fine-tuned ModernBERT-large backbone pools CLS and masked mean embeddings, fuses projected numeric features, and predicts toxicity and subtypes. A gradient-reversal identity head promotes identity-invariant representations. Training uses clipped weighted toxicity BCE, overall and subgroup/background pairwise ranking losses with worst-group bias aggregation, masked class-weighted subtype BCE, and adversarial identity BCE. Masked counterfactual views can receive target BCE and logit consistency loss. AdamW uses separate backbone/head rates, warmup and cosine decay, AMP, accumulation, clipping, and checkpointing. Inference applies sigmoid to validated, clipped toxicity probabilities.","[""SOURCE:162-186"", ""SOURCE:196-350"", ""SOURCE:448-501"", ""SOURCE:508-636"", ""SOURCE:644-730"", ""SOURCE:753-781"", ""SOURCE:835-903"", ""SOURCE:906-1181"", ""SOURCE:1184-1219"", ""SOURCE:1222-1508"", ""SOURCE:1510-1574"", ""SOURCE:1585-1697"", ""SOURCE:1719-1908"", ""SOURCE:1922-2042"", ""SOURCE:2169-2192"", ""SOURCE:2217-2241"", ""SOURCE:2249-2308"", ""SOURCE:2336-2425"", ""SOURCE:2531-2688""]","[""/Users/william/nautilus/results/20260914_070227_jubias-base-gpt56sol-s62/logs/journal.json#nodes[3]""]",
jigsaw-unintended-bias-in-toxicity-classification,s61_s62,20260914_070253_jubias-anaf-gpt56sol-s62,0095452fe4b24761a23335cd205b9e2b,F,S62,draft,f443c8148f9bcb2ebd1d26ec9d4df55f0a49ccb1c74e042b02dccd237e10dca7,True,ok,Fairness-Aware DeBERTa Toxicity Classifier,"A DeBERTa-v3-large classifier predicts toxicity from normalized text, with URLs/emails replaced, HTML/control characters removed, and identity-neutral counterfactual text created by identity-term replacement. It derives lexical/style features, though their use by the neural model is not shown. Lower encoder layers are frozen while six final layers are trainable. Learned masked-attention pooling and CLS pooling are gated, normalized, GELU-projected, and classified using mean logits from three dropout passes. Batches combine shuffled examples with rotating-identity subgroup/background toxic and non-toxic anchors. Text may be replaced by neutral counterparts, and selected paired texts receive Smooth-L1 logit-consistency loss. The objective combines batch-normalized weighted BCE, pairwise differentiable fairness-AUC losses with smooth worst-group aggregation, and counterfactual consistency. Tokenization uses a 192-token limit, dynamic padding and padding multiples of eight. AdamW uses separate backbone/head settings, mixed precision, gradient clipping, warmup and cosine decay. Inference returns sigmoid probabilities in input order.","[""SOURCE:54-83"", ""SOURCE:233-380"", ""SOURCE:386-437"", ""SOURCE:441-558"", ""SOURCE:604-778"", ""SOURCE:801-1073"", ""SOURCE:1076-1152"", ""SOURCE:1183-1216"", ""SOURCE:1229-1519"", ""SOURCE:1539-1582"", ""SOURCE:1606-1662"", ""SOURCE:1682-1759"", ""SOURCE:1825-1956""]","[""/Users/william/nautilus/results/20260914_070253_jubias-anaf-gpt56sol-s62/logs/journal.json#nodes[2]""]",
jigsaw-unintended-bias-in-toxicity-classification,s61_s62,20260914_070253_jubias-anaf-gpt56sol-s62,23f73be291de4357a2f6c75516480d18,F,S62,draft,c4546124c4d5dd34ae5bf50fdfe77c44e2e1ab04785272564c9170381820756c,True,ok,ModernBERT Toxicity Ranker with Numeric Residual,"The solution uses a runtime-managed train/validation/test split of toxicity comments. Text is NFKC-normalized, with URLs, emails and mentions replaced by placeholders, whitespace cleaned, and empty text mapped to a token. Standardized numeric features encode text form, lexical cues, identity lexicons and identity-context interactions; their scaler is fitted on training data only. Fractional toxicity labels are optimized directly with mean binary cross-entropy with logits. A pretrained ModernBERT classifier produces a text logit, augmented by a LayerNorm-normalized MLP numeric tower with a zero-initialized scalar output. Most encoder parameters are frozen initially, retaining resolved top layers and final normalization modules, with full unfreezing as a compatibility fallback. Training uses deterministic shuffling, AdamW parameter groups, mixed precision, accumulation, clipping, and warmup-cosine learning rates. Batched inference applies sigmoid, reducing batch size after CUDA memory errors. Finalization exports runtime-managed validation and submission outputs.","[""SOURCE:105-145"", ""SOURCE:227-457"", ""SOURCE:463-529"", ""SOURCE:608-685"", ""SOURCE:690-735"", ""SOURCE:741-768"", ""SOURCE:771-852"", ""SOURCE:898-1031"", ""SOURCE:1060-1188"", ""SOURCE:1201-1261"", ""SOURCE:1382-1474"", ""SOURCE:1490-1514""]","[""/Users/william/nautilus/results/20260914_070253_jubias-anaf-gpt56sol-s62/logs/journal.json#nodes[1]""]",
jigsaw-unintended-bias-in-toxicity-classification,s61_s62,20260914_070253_jubias-anaf-gpt56sol-s62,425aff0f4a374a04bdddeccc94775631,F,S62,improve,44fce480d35f49e02f233cd1fec48cffa5d70dde8bdfda68d45689993bd9a1a4,True,ok,Hybrid Sparse Contextual Toxicity Classifier,"The solution cleans comments with Unicode/HTML normalization, URL/email masking and whitespace cleanup. It builds standardized, clipped dense style/lexical features and hashed CSR sparse word, character and identity-context n-grams. EmbeddingBag branches encode content, identity context and wide features; residual MLP towers and an identity-content interaction produce toxicity logits. Auxiliary heads predict toxicity subtypes and identity labels, while gradient reversal trains an identity adversary from content features. Training uses weighted BCE on clipped soft toxicity targets, masked auxiliary BCE, subgroup/BPSN/BNSP pairwise ranking losses with smooth worst-group aggregation and optional FIFO partition memory, and adversarial BCE on background-negative rows. Batches replay examples from identity-target partitions. Sparse parameters use SparseAdam and other parameters AdamW, with warm-up/cosine schedules, increasing adversarial scale, gradient controls and skipped non-finite updates. Inference applies the saved feature pipeline, predicts in batches, and clips probabilities.","[""SOURCE:47-143"", ""SOURCE:212-327"", ""SOURCE:516-759"", ""SOURCE:873-944"", ""SOURCE:950-1071"", ""SOURCE:1074-1428"", ""SOURCE:1447-1598"", ""SOURCE:1658-1716"", ""SOURCE:1732-1912"", ""SOURCE:1914-2028"", ""SOURCE:2069-2126"", ""SOURCE:2173-2261"", ""SOURCE:2364-2405"", ""SOURCE:2411-2513"", ""SOURCE:2539-2628"", ""SOURCE:2649-2811""]","[""/Users/william/nautilus/results/20260914_070253_jubias-anaf-gpt56sol-s62/logs/journal.json#nodes[7]""]",
jigsaw-unintended-bias-in-toxicity-classification,s61_s62,20260914_070253_jubias-anaf-gpt56sol-s62,86e9091f66934cb480b9319a8dd0cfb2,F,S62,improve,170bb9225c61e1115446f6a131f1ff03e5390ebea172e8a453f840b525eb03a5,True,ok,Adaptive Identity-Aware ModernBERT Toxicity Classifier,"The solution normalizes comment text, replaces URLs, emails and mentions with markers, and creates standardized numeric features from text statistics, lexical cues, identity matches and interactions. A ModernBERT-large classifier combines a partially unfrozen text encoder with a LayerNorm/GELU/dropout numeric residual tower whose zero-initialized output initially preserves the text logit. Soft fractional toxicity labels are optimized with BCE-with-logits. Training batches contain four general examples and background/subgroup negative/positive examples for one round-robin identity. Three pairwise softplus ranking losses compare subgroup and background label cells; together with BCE, they are weighted by adaptive identity-family coefficients updated from loss EMAs, sampling-probability correction, clipped multiplicative steps, and bounded-simplex projection. AdamW uses separate encoder/head rates, selective weight decay, mixed precision, gradient accumulation and clipping. Inference dynamically tokenizes text, applies sigmoid to logits, retries CUDA OOM with smaller batches, and exports finite float32 probabilities. Checkpoints retain model, tokenizer, numeric preprocessing and adaptive-loss state.","[""SOURCE:105-145"", ""SOURCE:227-457"", ""SOURCE:466-613"", ""SOURCE:696-731"", ""SOURCE:759-900"", ""SOURCE:902-941"", ""SOURCE:997-1022"", ""SOURCE:1035-1229"", ""SOURCE:1239-1437"", ""SOURCE:1464-1645"", ""SOURCE:1720-1848"", ""SOURCE:1854-1960"", ""SOURCE:1974-2181"", ""SOURCE:2195-2198"", ""SOURCE:2231-2383"", ""SOURCE:2404-2474"", ""SOURCE:2707-2720""]","[""/Users/william/nautilus/results/20260914_070253_jubias-anaf-gpt56sol-s62/logs/journal.json#nodes[6]""]",
jigsaw-unintended-bias-in-toxicity-classification,s61_s62,20260914_070253_jubias-anaf-gpt56sol-s62,9412f9dcbf6745988d1e075bd940b87f,F,S62,improve,cb6fe66dbdc2fb08c60425abebc4c66831d018a993fd33250f89d0afb516a4ca,True,ok,Fairness-Aware Transformer Toxicity Classification,"The solution normalizes comment text, creates identity-neutral counterfactual variants, and standardizes numeric text features using training-data statistics. A pretrained sequence classifier is fine-tuned with configurable encoder-layer freezing; supported model variants include masked attention pooling, gated first-token fusion, projection, and dropout-averaged logits. Batches rotate identity groups and include subgroup and background toxicity anchors. The loss combines weighted binary cross-entropy, identity-wise pairwise softplus ranking losses with smooth worst-group aggregation, and weighted Smooth L1 consistency between original and neutralized logits. FIFO fairness-memory queues provide age-decayed opposite-class logits for sparse pair construction. AdamW uses separate backbone and head learning rates, mixed precision, gradient unscaling and norm clipping, and warmup-cosine scheduling. State, memory, and scheduler advance only after executed optimizer updates. Inference produces toxicity probabilities with sigmoid, validates submission structure and ordering, and saves fairness diagnostics.","[""SOURCE:57-82"", ""SOURCE:233-380"", ""SOURCE:386-437"", ""SOURCE:443-558"", ""SOURCE:594-708"", ""SOURCE:711-792"", ""SOURCE:795-878"", ""SOURCE:881-979"", ""SOURCE:982-1184"", ""SOURCE:1431-1536"", ""SOURCE:1545-1724"", ""SOURCE:1726-1866"", ""SOURCE:1869-1947"", ""SOURCE:1953-2002"", ""SOURCE:2004-2126"", ""SOURCE:2152-2233"", ""SOURCE:2236-2314"", ""SOURCE:2348-2377"", ""SOURCE:2401-2461"", ""SOURCE:2763-2794"", ""SOURCE:2800-2841"", ""SOURCE:2845-2907"", ""SOURCE:2913-2967""]","[""/Users/william/nautilus/results/20260914_070253_jubias-anaf-gpt56sol-s62/logs/journal.json#nodes[8]""]",
jigsaw-unintended-bias-in-toxicity-classification,s61_s62,20260914_070253_jubias-anaf-gpt56sol-s62,e78e5836c55b426381d8673b9eea1d2b,F,S62,improve,91ef8a0ced0630e9b7ce9e4d7ba086b303efda3331a468173dc6b6c94f5a9739,True,ok,ModernBERT Toxicity Classifier with Bias-Aware Ranking,"The solution normalizes comment text, creates standardized numeric features from stylistic, lexical, identity, and identity-context cues, and retains fractional toxicity targets. It builds per-identity pools for subgroup/background and positive/negative cells. A ModernBERT-large text classifier is combined with a numeric residual tower: two GELU/dropout layers produce a scalar correction added to the text logit, with its final layer zero-initialized. Most encoder layers are frozen; configured top layers, final normalization, and heads are trainable. Batches contain four general examples plus four identity-cell examples selected round-robin. The objective equally weights soft BCE on general examples and logistic pairwise ranking losses for subgroup, BPSN, and BNSP comparisons. AdamW uses separate encoder/head learning rates, selective weight decay, AMP, gradient accumulation, clipping, linear warmup, and cosine decay. Inference tokenizes to 384 tokens, applies sigmoid to logits, and reduces batch size after CUDA out-of-memory errors.","[""SOURCE:105-145"", ""SOURCE:227-410"", ""SOURCE:440-457"", ""SOURCE:466-529"", ""SOURCE:532-613"", ""SOURCE:699-718"", ""SOURCE:744-859"", ""SOURCE:862-945"", ""SOURCE:1001-1195"", ""SOURCE:1205-1427"", ""SOURCE:1469-1568"", ""SOURCE:1590-1766"", ""SOURCE:1780-1987""]","[""/Users/william/nautilus/results/20260914_070253_jubias-anaf-gpt56sol-s62/logs/journal.json#nodes[3]""]",
jigsaw-unintended-bias-in-toxicity-classification,s61_s62,20260914_070253_jubias-anaf-gpt56sol-s62,ff36137ccbc24a639318142f7a4f49ac,F,S62,improve,f986ebf40c732326ef83508aba82e84a7281ccf2f1030064fa277adc24548642,True,ok,Fairness-Regularized Toxicity Transformer,"The solution preprocesses comments by normalizing text, masking URLs/emails, removing HTML/control characters, and creating identity-neutralized variants. It adds standardized lexical features and training-derived length buckets, then computes identity-aware sample weights and neutralization probabilities. A pretrained RoBERTa toxicity encoder is fine-tuned with only the upper encoder layers and classifier head trainable. The model produces a toxicity logit using encoder representations, gated attention/CLS pooling, projection, and multi-sample dropout. Batches combine ordinary examples with subgroup/background toxic and non-toxic fairness anchors; altered examples may use original or neutral text and tokenize the counterpart for consistency training. The objective combines weighted binary cross-entropy, subgroup-oriented pairwise ranking losses aggregated by a smoothed worst-group operator, and weighted Smooth-L1 counterfactual consistency. AdamW uses separate backbone/head settings, mixed precision, clipping, warmup and cosine decay. Inference returns sigmoid-transformed logits; checkpoints include trainable state, tokenizer, metadata, and probe predictions.","[""SOURCE:54-82"", ""SOURCE:233-380"", ""SOURCE:591-708"", ""SOURCE:881-979"", ""SOURCE:982-1274"", ""SOURCE:1524-1635"", ""SOURCE:1750-1779"", ""SOURCE:1939-2018"", ""SOURCE:2233-2307""]","[""/Users/william/nautilus/results/20260914_070253_jubias-anaf-gpt56sol-s62/logs/journal.json#nodes[5]""]",
jigsaw-unintended-bias-in-toxicity-classification,s61_s62,20260914_070253_jubias-anaf-gpt56sol-s62,ff76237c93e84d6f843ad7a6d75cec5d,F,S62,draft,3fd811ffdc83cd034ae67c429ba2252ce3bf6eb2ddbc09cde411eacabb5cd0b4,True,ok,Sparse Contextual Toxicity Classifier,"Comments are normalized into hashed word, character, and identity-context n-gram features with standardized, clipped dense style and lexicon/context features. Sparse embedding-bag encoders and dense-feature subsets feed separate content and identity residual GELU MLP towers. Toxicity combines content, content–identity interaction, and sparse wide linear logits. Auxiliary heads use available masked annotations, while a gradient-reversal adversary predicts identities from content representations. The objective combines weighted BCE on clipped soft toxicity labels, masked auxiliary BCE, identity-adversary BCE for eligible non-toxic examples, and temperature-scaled pairwise ranking losses for subgroup, BPSN, and BNSP partitions, aggregated with smooth worst-group log-sum-exp. Batches replay identity/target partitions. Sparse parameters use SparseAdam and remaining parameters AdamW; learning rates warm up then decay cosinely. Adversarial strength ramps during training; non-finite losses are skipped and gradients are clipped. Inference disables adversarial scaling and clips probabilities.","[""SOURCE:103-143"", ""SOURCE:173-206"", ""SOURCE:516-759"", ""SOURCE:762-849"", ""SOURCE:852-867"", ""SOURCE:873-944"", ""SOURCE:950-1023"", ""SOURCE:1029-1428"", ""SOURCE:1447-1600"", ""SOURCE:1612-1714"", ""SOURCE:1755-1812"", ""SOURCE:1820-1842"", ""SOURCE:1859-2091"", ""SOURCE:2100-2219"", ""SOURCE:2343-2389"", ""SOURCE:2392-2479""]","[""/Users/william/nautilus/results/20260914_070253_jubias-anaf-gpt56sol-s62/logs/journal.json#nodes[4]""]",
jigsaw-unintended-bias-in-toxicity-classification,s61_s62,20260914_070847_jubias-anaf-gpt56sol-s61,0a060fbe2cb3481b929422d70e302fc9,F,S61,improve,5ec9eed6f17e343a98c998331ef49463e1f8a84a310d0e1bd5ad8fa4116dadcd,True,ok,ModernBERT toxicity classifier with numeric fusion and ranking loss,"Comments are normalized by Unicode/HTML cleanup, control-character removal and whitespace collapse, with an empty-text marker. Eighteen deterministic text features are computed and standardized from training data. A pretrained ModernBERT-large encoder processes right-truncated 256-token inputs; CLS and attention-mask mean-pooled representations are combined, projected, fused with projected numeric features, and classified with one toxicity logit. Fractional toxicity labels are clipped and trained using weighted binary cross-entropy; identity-cell balancing weights use inverse square-root toxic/non-toxic cell frequencies. A training-only ranking term uses bounded CPU FP16 FIFO embedding banks for global and identity-membership/hard-label cells. It estimates smooth pairwise AUCs and aggregates overall, subgroup, and cross-group AUCs with a negative-power mean. AdamW uses separate backbone/head learning rates, warm-up, accumulation, mixed precision, gradient clipping, and decoupled weight decay exclusions. After successful updates, detached embeddings are added to banks. Inference applies sigmoid and clips predictions to [0,1].","[""SOURCE:185-247"", ""SOURCE:250-337"", ""SOURCE:470-502"", ""SOURCE:616-657"", ""SOURCE:666-737"", ""SOURCE:757-817"", ""SOURCE:820-862"", ""SOURCE:865-1007"", ""SOURCE:1041-1356"", ""SOURCE:1359-1440"", ""SOURCE:1501-1546"", ""SOURCE:1549-1596"", ""SOURCE:1619-1699"", ""SOURCE:1735-1825"", ""SOURCE:1997-2112"", ""SOURCE:2132-2206"", ""SOURCE:2219-2258"", ""SOURCE:2261-2319"", ""SOURCE:2322-2425"", ""SOURCE:2463-2465""]","[""/Users/william/nautilus/results/20260914_070847_jubias-anaf-gpt56sol-s61/logs/journal.json#nodes[6]""]",
jigsaw-unintended-bias-in-toxicity-classification,s61_s62,20260914_070847_jubias-anaf-gpt56sol-s61,2d09a649b32c4d55b786a42e0c3900a6,F,S61,improve,94fa5e54a6e44276438251c69a494b12fb876ad35281f320b5d803fe04aa75a2,True,ok,Fairness-Aware Prompted DeBERTa Toxicity Classifier,"The pipeline normalizes comment text, replaces emails, URLs and mentions with special tokens, and fits preprocessing on a train/validation split. It adds standardized text statistics and duplicate-frequency features. A pretrained DeBERTa-v3-large backbone is frozen except for its final encoder block. Identity-term spans select learned low-rank prompt embeddings injected before that block. First-token and masked-mean representations are concatenated, projected, and combined with projected numeric features for toxicity prediction; subtype and gradient-reversed identity heads are auxiliary. Training uses toxicity BCE, masked subtype and identity BCE, and temperature-scaled subgroup and cross-group pairwise ranking losses. Batches interleave natural samples with available subgroup/background toxicity-cell hard batches. AdamW uses separate backbone/head rates, warmup-cosine scheduling, mixed precision, gradient accumulation and clipping. Validation aggregates overall and group AUCs by a negative-power mean. Inference tokenizes text, applies sigmoid toxicity probabilities, and clips outputs to [0,1].","[""SOURCE:75-104"", ""SOURCE:334-669"", ""SOURCE:692-746"", ""SOURCE:786-1054"", ""SOURCE:1078-1238"", ""SOURCE:1260-1363"", ""SOURCE:1518-1553"", ""SOURCE:1603-1778"", ""SOURCE:1781-1805"", ""SOURCE:1840-1858"", ""SOURCE:1861-1933"", ""SOURCE:1936-2014"", ""SOURCE:2080-2146"", ""SOURCE:2229-2253"", ""SOURCE:2265-2329""]","[""/Users/william/nautilus/results/20260914_070847_jubias-anaf-gpt56sol-s61/logs/journal.json#nodes[5]""]",
jigsaw-unintended-bias-in-toxicity-classification,s61_s62,20260914_070847_jubias-anaf-gpt56sol-s61,62b4b50bec1d41dc80f9cc9b28bc0653,F,S61,improve,7d19ee8166b687126cd6c64777ff7c939e5d923ac5c3c2b50e4b1105f989fe31,True,ok,ModernBERT Cell-Aware Toxicity Classifier,"The solution normalizes comment text and derives 18 deterministic numeric features for length, casing, punctuation, URLs, mentions, and lexicon/context counts. Features are standardized from training data. A pretrained ModernBERT-large encoder processes right-padded, truncated 256-token comments; first-token and masked mean-pooled representations are fused, projected with numeric features, and classified by a LayerNorm, GELU, dropout head into one toxicity logit. Fractional toxicity targets use weighted binary cross-entropy; weights balance thresholded toxicity across nine identity groups. A CPU FP16 FIFO bank stores detached fused embeddings, hard labels, and identity cells. After warm-up and adequate bank occupancy, optimizer-update boundaries add a differentiable cell-aware pairwise AUC surrogate covering overall, subgroup, BPSN, and BNSP terms with negative-power aggregation. AdamW uses separate backbone/head learning rates, gradient accumulation, mixed precision, clipping, and linear warm-up. Inference returns clipped sigmoid probabilities; the best validation-metric checkpoint is selected for prediction export.","[""SOURCE:184-246"", ""SOURCE:249-336"", ""SOURCE:364-501"", ""SOURCE:619-715"", ""SOURCE:756-816"", ""SOURCE:819-861"", ""SOURCE:864-1286"", ""SOURCE:1289-1370"", ""SOURCE:1377-1479"", ""SOURCE:1494-1526"", ""SOURCE:1549-1629"", ""SOURCE:1667-1750"", ""SOURCE:1990-2037"", ""SOURCE:2048-2061"", ""SOURCE:2081-2235"", ""SOURCE:2255-2271""]","[""/Users/william/nautilus/results/20260914_070847_jubias-anaf-gpt56sol-s61/logs/journal.json#nodes[3]""]",
jigsaw-unintended-bias-in-toxicity-classification,s61_s62,20260914_070847_jubias-anaf-gpt56sol-s61,634a0b90d6924eb08536bda8a43fc174,F,S61,draft,734850b7d7a01334309f462eee7fe7dc5023bc5c54e1d244e50a1435e4299c0a,True,ok,ModernBERT Toxicity Classifier with Numeric Features,"A toxicity model predicts a fractional probability from normalized comment text and 18 engineered numeric features. Text undergoes Unicode/HTML normalization, control-character removal and whitespace cleanup; blank text becomes [EMPTY]. Features capture text length, casing, punctuation, URLs, mentions, lexicon counts and interactions, then use a training-fitted StandardScaler. A pretrained ModernBERT-large encoder receives right-truncated sequences of up to 256 tokens. Its CLS and attention-mask mean-pooled embeddings are concatenated and projected; projected numeric features are fused with them in an MLP that outputs one logit. Training uses clipped, mean-normalized sample weights balancing toxicity cells within thresholded identity groups and weighted BCE-with-logits normalized by batch weight. AdamW separates encoder and head learning rates, excludes bias/normalization weights from decay, and uses warm-up, mixed precision, gradient accumulation and clipping. Inference applies sigmoid, finite-value checks and clipping to [0,1].","[""SOURCE:174-236"", ""SOURCE:239-326"", ""SOURCE:354-458"", ""SOURCE:535-555"", ""SOURCE:578-745"", ""SOURCE:781-826"", ""SOURCE:873-935"", ""SOURCE:958-1056"", ""SOURCE:1064-1189"", ""SOURCE:1199-1240"", ""SOURCE:1253-1327""]","[""/Users/william/nautilus/results/20260914_070847_jubias-anaf-gpt56sol-s61/logs/journal.json#nodes[1]""]",
jigsaw-unintended-bias-in-toxicity-classification,s61_s62,20260914_070847_jubias-anaf-gpt56sol-s61,ab8aff27d71840e9a08d2e2ff4846fb9,F,S61,draft,844d3420f8cb332c964032d3eaa1c31d58733c31c157a27b50c589c6bb495185,True,ok,Dual-View DeBERTa Toxicity Classifier,"The solution normalizes comment text, replacing emails, URLs and mentions with added special tokens, and creates an identity-masked view by replacing lexicon-matched identity terms. It derives standardized text, lexicon and duplicate-frequency features. A DeBERTa-v3-large encoder processes both views; first-token and masked-mean states are projected, fused with their absolute difference and optional numeric features, and scored through a gated residual toxicity head. Auxiliary subtype and identity heads use original and masked views respectively, with gradient reversal for identity prediction. Training freezes lower encoder components, uses AdamW parameter groups, mixed precision, checkpointing, accumulation, clipping, warm-up and cosine decay. Losses combine final/view BCE, view-consistency Smooth-L1, masked auxiliary BCE, and subgroup, BPSN and BNSP ranking losses. Natural batches are interleaved with subgroup-balanced hard batches. Inference returns clipped sigmoid probabilities and checkpoints retain model, tokenizer, preprocessing and schema.","[""SOURCE:73-102"", ""SOURCE:332-668"", ""SOURCE:691-740"", ""SOURCE:743-782"", ""SOURCE:783-1050"", ""SOURCE:1053-1249"", ""SOURCE:1252-1382"", ""SOURCE:1385-1522"", ""SOURCE:1526-1541"", ""SOURCE:1586-1697"", ""SOURCE:1700-1751"", ""SOURCE:1764-1788"", ""SOURCE:1832-1905"", ""SOURCE:1908-2048"", ""SOURCE:2057-2148""]","[""/Users/william/nautilus/results/20260914_070847_jubias-anaf-gpt56sol-s61/logs/journal.json#nodes[2]""]",
jigsaw-unintended-bias-in-toxicity-classification,s61_s62,20260914_070847_jubias-anaf-gpt56sol-s61,b9071a31845942f384299234fd823805,F,S61,debug,bb165485f6d6cf9e6d095890f5a9d646e9da43e90e2b1b487dc49bc460350f0b,True,ok,Identity-orthogonal ModernBERT toxicity classifier,"The solution normalizes comments, engineers standardized text-derived numeric features, and creates case-preserving identity-swap counterfactuals for eligible training comments. A pretrained ModernBERT classifier pools the first-token representation; most backbone weights are frozen while the final four layers and final normalization are fine-tuned. It learns an orthogonal identity basis and removes identity projections from the toxicity representation, while retaining text features for subtype and identity heads. An MLP encodes numeric features and fuses them with text features. The model predicts toxicity with multi-sample dropout and auxiliary subtype and identity outputs. Its loss combines soft and thresholded toxicity BCE, masked subtype/identity BCE, counterfactual consistency Smooth-L1 loss, and basis-orthogonality regularization. AdamW uses parameter groups, mixed precision, accumulation, clipping, and warmup-cosine scheduling. Inference tokenizes text, combines numeric features, applies sigmoid to toxicity logits, and clips outputs to [0,1].","[""SOURCE:216-245"", ""SOURCE:292-512"", ""SOURCE:515-563"", ""SOURCE:713-801"", ""SOURCE:875-991"", ""SOURCE:994-1191"", ""SOURCE:1194-1286"", ""SOURCE:1431-1479"", ""SOURCE:1623-1707"", ""SOURCE:1730-1798""]","[""/Users/william/nautilus/results/20260914_070847_jubias-anaf-gpt56sol-s61/logs/journal.json#nodes[7]""]",
jigsaw-unintended-bias-in-toxicity-classification,s61_s62,20260914_070847_jubias-anaf-gpt56sol-s61,d5887d696f604170b23b6d435c60be31,F,S61,draft,827e339f836b5f0dd14fedef01bcd21bd2c76dc1e0c1bb576cfe5c9797ff22c4,False,ok,Identity-Orthogonal ModernBERT Toxicity Classifier,"Comments are Unicode-normalized, cleaned, and replaced with placeholders for structural text patterns. Standardized numeric features capture text statistics and lexical, identity, and interaction patterns; training-only text frequencies and scaling prevent split leakage. The model combines tokenized ModernBERT text with numeric features. Only the final four backbone layers and final normalization are trainable. A learned orthonormal identity basis is projected out of the first-token representation for toxicity prediction, while original representations support identity and subtype heads. Multiple dropout toxicity heads are averaged. Identity-term comments may receive swapped-identity counterfactual texts; their numeric features are duplicated. Losses include soft and thresholded toxicity BCE, masked subtype and identity BCE with increased evaluated-identity weighting, counterfactual consistency for toxicity and subtypes, and basis orthogonality regularization. AdamW uses grouped learning rates/decay, AMP, accumulation, clipping, warmup and cosine decay. Inference returns clipped sigmoid toxicity probabilities.","[""SOURCE:216-289"", ""SOURCE:292-512"", ""SOURCE:515-563"", ""SOURCE:574-639"", ""SOURCE:642-699"", ""SOURCE:704-710"", ""SOURCE:713-978"", ""SOURCE:992-1189"", ""SOURCE:1194-1317"", ""SOURCE:1323-1428"", ""SOURCE:1429-1477"", ""SOURCE:1526-1569"", ""SOURCE:1579-1618"", ""SOURCE:1621-1705"", ""SOURCE:1728-1860"", ""SOURCE:1882-2010""]","[""/Users/william/nautilus/results/20260914_070847_jubias-anaf-gpt56sol-s61/logs/journal.json#nodes[4]""]",
